2026-02-23 11:29:35,156 | INFO | pika.adapters.utils.connection_workflow | Pika version 1.3.2 connecting to ('15.206.140.228', 5671)
2026-02-23 11:29:35,230 | INFO | pika.adapters.utils.io_services_utils | Socket connected: <socket.socket fd=1364, family=2, type=1, proto=6, laddr=('192.168.100.7', 52971), raddr=('15.206.140.228', 5671)>
2026-02-23 11:29:35,232 | INFO | pika.adapters.utils.io_services_utils | Socket connected: <socket.socket fd=1288, family=2, type=1, proto=6, laddr=('192.168.100.7', 52970), raddr=('15.206.140.228', 5671)>
2026-02-23 11:29:35,305 | INFO | pika.adapters.utils.io_services_utils | SSL handshake completed successfully: <ssl.SSLSocket fd=1364, family=2, type=1, proto=0, laddr=('192.168.100.7', 52971), raddr=('15.206.140.228', 5671)>
2026-02-23 11:29:35,308 | INFO | pika.adapters.utils.io_services_utils | SSL handshake completed successfully: <ssl.SSLSocket fd=1288, family=2, type=1, proto=0, laddr=('192.168.100.7', 52970), raddr=('15.206.140.228', 5671)>
2026-02-23 11:29:35,308 | INFO | pika.adapters.utils.connection_workflow | Streaming transport linked up: (<pika.adapters.utils.io_services_utils._AsyncSSLTransport object at 0x0000029BB69F7620>, _StreamingProtocolShim: <SelectConnection PROTOCOL transport=<pika.adapters.utils.io_services_utils._AsyncSSLTransport object at 0x0000029BB69F7620> params=<URLParameters host=puffin.rmq2.cloudamqp.com port=5671 virtual_host=gfhwdutw ssl=True>>).
2026-02-23 11:29:35,310 | INFO | pika.adapters.utils.connection_workflow | Streaming transport linked up: (<pika.adapters.utils.io_services_utils._AsyncSSLTransport object at 0x00000214CB277620>, _StreamingProtocolShim: <SelectConnection PROTOCOL transport=<pika.adapters.utils.io_services_utils._AsyncSSLTransport object at 0x00000214CB277620> params=<URLParameters host=puffin.rmq2.cloudamqp.com port=5671 virtual_host=gfhwdutw ssl=True>>).
2026-02-23 11:29:35,515 | INFO | pika.adapters.utils.connection_workflow | AMQPConnector - reporting success: <SelectConnection OPEN transport=<pika.adapters.utils.io_services_utils._AsyncSSLTransport object at 0x00000214CB277620> params=<URLParameters host=puffin.rmq2.cloudamqp.com port=5671 virtual_host=gfhwdutw ssl=True>>
2026-02-23 11:29:35,515 | INFO | pika.adapters.utils.connection_workflow | AMQPConnectionWorkflow - reporting success: <SelectConnection OPEN transport=<pika.adapters.utils.io_services_utils._AsyncSSLTransport object at 0x00000214CB277620> params=<URLParameters host=puffin.rmq2.cloudamqp.com port=5671 virtual_host=gfhwdutw ssl=True>>
2026-02-23 11:29:35,515 | INFO | pika.adapters.blocking_connection | Connection workflow succeeded: <SelectConnection OPEN transport=<pika.adapters.utils.io_services_utils._AsyncSSLTransport object at 0x0000029BB69F7620> params=<URLParameters host=puffin.rmq2.cloudamqp.com port=5671 virtual_host=gfhwdutw ssl=True>>
2026-02-23 11:29:35,515 | INFO | pika.adapters.blocking_connection | Connection workflow succeeded: <SelectConnection OPEN transport=<pika.adapters.utils.io_services_utils._AsyncSSLTransport object at 0x00000214CB277620> params=<URLParameters host=puffin.rmq2.cloudamqp.com port=5671 virtual_host=gfhwdutw ssl=True>>
2026-02-23 11:29:35,516 | INFO | pika.adapters.blocking_connection | Created channel=1
2026-02-23 11:29:35,516 | INFO | pika.adapters.blocking_connection | Created channel=1
2026-02-23 11:29:37,509 | INFO | workers.stt_worker | Worker started and waiting for speech to text jobs...
2026-02-23 11:29:37,510 | INFO | workers.stt_worker | Task received | task_id=699bf1700d6b8978c741f179
2026-02-23 11:29:37,537 | INFO | workers.stt_worker | Worker started and waiting for speech to text jobs...
2026-02-23 11:29:37,538 | INFO | workers.stt_worker | Task received | task_id=699bf1eb0d6b8978c741f184
2026-02-23 11:30:29,196 | INFO | workers.stt_worker | Task 699bf1eb0d6b8978c741f184 speech to text processing completed successfully
2026-02-23 11:30:29,761 | INFO | workers.stt_worker | Task created successfully with ID: 699bf40516231b13123f68c8
2026-02-23 11:30:29,863 | INFO | workers.stt_worker | Enqueued audio analysis task 699bf40516231b13123f68c8 for question result 699bf1eb0d6b8978c741f182
2026-02-23 11:30:29,864 | INFO | workers.stt_worker | New Task 699bf1eb0d6b8978c741f184 audio analysis task created successfully
2026-02-23 11:30:30,325 | INFO | workers.stt_worker | Task created successfully with ID: 699bf40616231b13123f68c9
2026-02-23 11:30:30,395 | INFO | workers.stt_worker | Enqueued audio analysis task 699bf40616231b13123f68c9 for question result 699bf1eb0d6b8978c741f182
2026-02-23 11:30:30,396 | INFO | workers.stt_worker | New Task 699bf1eb0d6b8978c741f184 video analysis task created successfully
2026-02-23 11:30:30,555 | INFO | workers.stt_worker | Task completed | task_id=699bf1eb0d6b8978c741f184
2026-02-23 11:30:30,659 | INFO | workers.stt_worker | Task received | task_id=699bf2630d6b8978c741f18f
2026-02-23 11:30:49,930 | INFO | workers.stt_worker | Task 699bf1700d6b8978c741f179 speech to text processing completed successfully
2026-02-23 11:30:50,250 | INFO | workers.stt_worker | Task created successfully with ID: 699bf41aa81cd736c5ef24b7
2026-02-23 11:30:50,326 | INFO | workers.stt_worker | Enqueued audio analysis task 699bf41aa81cd736c5ef24b7 for question result 699bf16f0d6b8978c741f177
2026-02-23 11:30:50,326 | INFO | workers.stt_worker | New Task 699bf1700d6b8978c741f179 audio analysis task created successfully
2026-02-23 11:30:50,581 | INFO | workers.stt_worker | Task created successfully with ID: 699bf41aa81cd736c5ef24b8
2026-02-23 11:30:50,661 | INFO | workers.stt_worker | Enqueued audio analysis task 699bf41aa81cd736c5ef24b8 for question result 699bf16f0d6b8978c741f177
2026-02-23 11:30:50,662 | INFO | workers.stt_worker | New Task 699bf1700d6b8978c741f179 video analysis task created successfully
2026-02-23 11:30:50,791 | INFO | workers.stt_worker | Task completed | task_id=699bf1700d6b8978c741f179
2026-02-23 11:30:50,868 | INFO | workers.stt_worker | Task received | task_id=699bf2fd0d6b8978c741f19a
2026-02-23 11:31:17,641 | INFO | workers.stt_worker | Task 699bf2630d6b8978c741f18f speech to text processing completed successfully
2026-02-23 11:31:17,880 | INFO | workers.stt_worker | Task created successfully with ID: 699bf43516231b13123f68ca
2026-02-23 11:31:17,951 | INFO | workers.stt_worker | Enqueued audio analysis task 699bf43516231b13123f68ca for question result 699bf2630d6b8978c741f18d
2026-02-23 11:31:17,952 | INFO | workers.stt_worker | New Task 699bf2630d6b8978c741f18f audio analysis task created successfully
2026-02-23 11:31:18,187 | INFO | workers.stt_worker | Task created successfully with ID: 699bf43616231b13123f68cb
2026-02-23 11:31:18,253 | INFO | workers.stt_worker | Enqueued audio analysis task 699bf43616231b13123f68cb for question result 699bf2630d6b8978c741f18d
2026-02-23 11:31:18,253 | INFO | workers.stt_worker | New Task 699bf2630d6b8978c741f18f video analysis task created successfully
2026-02-23 11:31:18,375 | INFO | workers.stt_worker | Task completed | task_id=699bf2630d6b8978c741f18f
2026-02-23 11:31:18,457 | INFO | workers.stt_worker | Task received | task_id=699bf3620d6b8978c741f1a5
2026-02-23 11:31:30,417 | INFO | workers.stt_worker | Task 699bf2fd0d6b8978c741f19a speech to text processing completed successfully
2026-02-23 11:31:30,680 | INFO | workers.stt_worker | Task created successfully with ID: 699bf442a81cd736c5ef24b9
2026-02-23 11:31:30,752 | INFO | workers.stt_worker | Enqueued audio analysis task 699bf442a81cd736c5ef24b9 for question result 699bf2fd0d6b8978c741f198
2026-02-23 11:31:30,752 | INFO | workers.stt_worker | New Task 699bf2fd0d6b8978c741f19a audio analysis task created successfully
2026-02-23 11:31:30,991 | INFO | workers.stt_worker | Task created successfully with ID: 699bf442a81cd736c5ef24ba
2026-02-23 11:31:31,096 | INFO | workers.stt_worker | Enqueued audio analysis task 699bf442a81cd736c5ef24ba for question result 699bf2fd0d6b8978c741f198
2026-02-23 11:31:31,096 | INFO | workers.stt_worker | New Task 699bf2fd0d6b8978c741f19a video analysis task created successfully
2026-02-23 11:31:31,227 | INFO | workers.stt_worker | Task completed | task_id=699bf2fd0d6b8978c741f19a
2026-02-23 11:31:46,872 | INFO | workers.stt_worker | Task 699bf3620d6b8978c741f1a5 speech to text processing completed successfully
2026-02-23 11:31:47,262 | INFO | workers.stt_worker | Task created successfully with ID: 699bf45316231b13123f68cc
2026-02-23 11:31:47,357 | INFO | workers.stt_worker | Enqueued audio analysis task 699bf45316231b13123f68cc for question result 699bf3620d6b8978c741f1a3
2026-02-23 11:31:47,357 | INFO | workers.stt_worker | New Task 699bf3620d6b8978c741f1a5 audio analysis task created successfully
2026-02-23 11:31:47,664 | INFO | workers.stt_worker | Task created successfully with ID: 699bf45316231b13123f68cd
2026-02-23 11:31:47,794 | INFO | workers.stt_worker | Enqueued audio analysis task 699bf45316231b13123f68cd for question result 699bf3620d6b8978c741f1a3
2026-02-23 11:31:47,795 | INFO | workers.stt_worker | New Task 699bf3620d6b8978c741f1a5 video analysis task created successfully
2026-02-23 11:31:48,003 | INFO | workers.stt_worker | Task completed | task_id=699bf3620d6b8978c741f1a5
2026-02-23 11:56:32,267 | INFO | workers.stt_worker | Task received | task_id=699bfa200d6b8978c741f236
2026-02-23 11:56:47,680 | INFO | workers.stt_worker | Task 699bfa200d6b8978c741f236 speech to text processing completed successfully
2026-02-23 11:56:47,945 | INFO | workers.stt_worker | Task created successfully with ID: 699bfa2f16231b13123f68ce
2026-02-23 11:56:48,153 | INFO | workers.stt_worker | Enqueued audio analysis task 699bfa2f16231b13123f68ce for question result 699bfa1f0d6b8978c741f234
2026-02-23 11:56:48,154 | INFO | workers.stt_worker | New Task 699bfa200d6b8978c741f236 audio analysis task created successfully
2026-02-23 11:56:48,561 | INFO | workers.stt_worker | Task created successfully with ID: 699bfa3016231b13123f68cf
2026-02-23 11:56:48,751 | INFO | workers.stt_worker | Enqueued audio analysis task 699bfa3016231b13123f68cf for question result 699bfa1f0d6b8978c741f234
2026-02-23 11:56:48,751 | INFO | workers.stt_worker | New Task 699bfa200d6b8978c741f236 video analysis task created successfully
2026-02-23 11:56:48,967 | INFO | workers.stt_worker | Task completed | task_id=699bfa200d6b8978c741f236
2026-02-23 11:58:10,089 | INFO | workers.stt_worker | Task received | task_id=699bfa810d6b8978c741f241
2026-02-23 11:58:35,287 | INFO | workers.stt_worker | Task 699bfa810d6b8978c741f241 speech to text processing completed successfully
2026-02-23 11:58:35,549 | INFO | workers.stt_worker | Task created successfully with ID: 699bfa9ba81cd736c5ef24bb
2026-02-23 11:58:35,626 | INFO | workers.stt_worker | Enqueued audio analysis task 699bfa9ba81cd736c5ef24bb for question result 699bfa810d6b8978c741f23f
2026-02-23 11:58:35,626 | INFO | workers.stt_worker | New Task 699bfa810d6b8978c741f241 audio analysis task created successfully
2026-02-23 11:58:35,869 | INFO | workers.stt_worker | Task created successfully with ID: 699bfa9ba81cd736c5ef24bc
2026-02-23 11:58:35,940 | INFO | workers.stt_worker | Enqueued audio analysis task 699bfa9ba81cd736c5ef24bc for question result 699bfa810d6b8978c741f23f
2026-02-23 11:58:35,940 | INFO | workers.stt_worker | New Task 699bfa810d6b8978c741f241 video analysis task created successfully
2026-02-23 11:58:36,091 | INFO | workers.stt_worker | Task completed | task_id=699bfa810d6b8978c741f241
2026-02-23 12:00:09,196 | INFO | workers.stt_worker | Task received | task_id=699bfaf50d6b8978c741f24c
2026-02-23 12:00:39,138 | INFO | workers.stt_worker | Task 699bfaf50d6b8978c741f24c speech to text processing completed successfully
2026-02-23 12:00:39,503 | INFO | workers.stt_worker | Task created successfully with ID: 699bfb1716231b13123f68d0
2026-02-23 12:00:39,714 | INFO | workers.stt_worker | Enqueued audio analysis task 699bfb1716231b13123f68d0 for question result 699bfaf30d6b8978c741f24a
2026-02-23 12:00:39,715 | INFO | workers.stt_worker | New Task 699bfaf50d6b8978c741f24c audio analysis task created successfully
2026-02-23 12:00:40,142 | INFO | workers.stt_worker | Task created successfully with ID: 699bfb1716231b13123f68d1
2026-02-23 12:00:40,471 | INFO | workers.stt_worker | Enqueued audio analysis task 699bfb1716231b13123f68d1 for question result 699bfaf30d6b8978c741f24a
2026-02-23 12:00:40,472 | INFO | workers.stt_worker | New Task 699bfaf50d6b8978c741f24c video analysis task created successfully
2026-02-23 12:00:40,655 | INFO | workers.stt_worker | Task completed | task_id=699bfaf50d6b8978c741f24c
2026-02-23 12:02:05,768 | INFO | workers.stt_worker | Task received | task_id=699bfb6d0d6b8978c741f257
2026-02-23 12:02:35,775 | INFO | workers.stt_worker | Task 699bfb6d0d6b8978c741f257 speech to text processing completed successfully
2026-02-23 12:02:36,454 | INFO | workers.stt_worker | Task created successfully with ID: 699bfb8ca81cd736c5ef24bd
2026-02-23 12:02:36,733 | INFO | workers.stt_worker | Enqueued audio analysis task 699bfb8ca81cd736c5ef24bd for question result 699bfb6c0d6b8978c741f255
2026-02-23 12:02:36,734 | INFO | workers.stt_worker | New Task 699bfb6d0d6b8978c741f257 audio analysis task created successfully
2026-02-23 12:02:37,030 | INFO | workers.stt_worker | Task created successfully with ID: 699bfb8ca81cd736c5ef24be
2026-02-23 12:02:37,104 | INFO | workers.stt_worker | Enqueued audio analysis task 699bfb8ca81cd736c5ef24be for question result 699bfb6c0d6b8978c741f255
2026-02-23 12:02:37,105 | INFO | workers.stt_worker | New Task 699bfb6d0d6b8978c741f257 video analysis task created successfully
2026-02-23 12:02:37,236 | INFO | workers.stt_worker | Task completed | task_id=699bfb6d0d6b8978c741f257
2026-02-23 12:03:14,752 | INFO | workers.stt_worker | Task received | task_id=699bfbb10d6b8978c741f262
2026-02-23 12:04:16,413 | INFO | workers.stt_worker | Task 699bfbb10d6b8978c741f262 speech to text processing completed successfully
2026-02-23 12:04:17,058 | INFO | workers.stt_worker | Task created successfully with ID: 699bfbf016231b13123f68d2
2026-02-23 12:04:17,310 | INFO | workers.stt_worker | Enqueued audio analysis task 699bfbf016231b13123f68d2 for question result 699bfbb10d6b8978c741f260
2026-02-23 12:04:17,311 | INFO | workers.stt_worker | New Task 699bfbb10d6b8978c741f262 audio analysis task created successfully
2026-02-23 12:04:18,250 | INFO | workers.stt_worker | Task received | task_id=699bfbf10d6b8978c741f26d
2026-02-23 12:04:18,310 | INFO | workers.stt_worker | Task created successfully with ID: 699bfbf116231b13123f68d3
2026-02-23 12:04:18,523 | INFO | workers.stt_worker | Enqueued audio analysis task 699bfbf116231b13123f68d3 for question result 699bfbb10d6b8978c741f260
2026-02-23 12:04:18,524 | INFO | workers.stt_worker | New Task 699bfbb10d6b8978c741f262 video analysis task created successfully
2026-02-23 12:04:18,966 | INFO | workers.stt_worker | Task completed | task_id=699bfbb10d6b8978c741f262
2026-02-23 12:04:46,636 | INFO | workers.stt_worker | Task 699bfbf10d6b8978c741f26d speech to text processing completed successfully
2026-02-23 12:04:47,661 | INFO | workers.stt_worker | Task created successfully with ID: 699bfc0ea81cd736c5ef24bf
2026-02-23 12:04:47,843 | INFO | workers.stt_worker | Enqueued audio analysis task 699bfc0ea81cd736c5ef24bf for question result 699bfbf10d6b8978c741f26b
2026-02-23 12:04:47,843 | INFO | workers.stt_worker | New Task 699bfbf10d6b8978c741f26d audio analysis task created successfully
2026-02-23 12:04:48,579 | INFO | workers.stt_worker | Task created successfully with ID: 699bfc10a81cd736c5ef24c0
2026-02-23 12:04:48,708 | INFO | workers.stt_worker | Enqueued audio analysis task 699bfc10a81cd736c5ef24c0 for question result 699bfbf10d6b8978c741f26b
2026-02-23 12:04:48,709 | INFO | workers.stt_worker | New Task 699bfbf10d6b8978c741f26d video analysis task created successfully
2026-02-23 12:04:49,103 | INFO | workers.stt_worker | Task completed | task_id=699bfbf10d6b8978c741f26d
2026-02-23 12:06:21,822 | INFO | workers.stt_worker | Task received | task_id=699bfc6c0d6b8978c741f278
2026-02-23 12:06:48,085 | INFO | workers.stt_worker | Task 699bfc6c0d6b8978c741f278 speech to text processing completed successfully
2026-02-23 12:06:48,630 | INFO | workers.stt_worker | Task created successfully with ID: 699bfc8816231b13123f68d4
2026-02-23 12:06:48,760 | INFO | workers.stt_worker | Enqueued audio analysis task 699bfc8816231b13123f68d4 for question result 699bfc6c0d6b8978c741f276
2026-02-23 12:06:48,761 | INFO | workers.stt_worker | New Task 699bfc6c0d6b8978c741f278 audio analysis task created successfully
2026-02-23 12:06:49,122 | INFO | workers.stt_worker | Task created successfully with ID: 699bfc8816231b13123f68d5
2026-02-23 12:06:49,239 | INFO | workers.stt_worker | Enqueued audio analysis task 699bfc8816231b13123f68d5 for question result 699bfc6c0d6b8978c741f276
2026-02-23 12:06:49,245 | INFO | workers.stt_worker | New Task 699bfc6c0d6b8978c741f278 video analysis task created successfully
2026-02-23 12:06:49,421 | INFO | workers.stt_worker | Task completed | task_id=699bfc6c0d6b8978c741f278
2026-02-23 12:07:17,953 | INFO | workers.stt_worker | Task received | task_id=699bfca50d6b8978c741f283
2026-02-23 12:07:43,072 | INFO | workers.stt_worker | Task 699bfca50d6b8978c741f283 speech to text processing completed successfully
2026-02-23 12:07:44,477 | INFO | workers.stt_worker | Task created successfully with ID: 699bfcbfa81cd736c5ef24c1
2026-02-23 12:07:44,927 | INFO | workers.stt_worker | Enqueued audio analysis task 699bfcbfa81cd736c5ef24c1 for question result 699bfca40d6b8978c741f281
2026-02-23 12:07:44,927 | INFO | workers.stt_worker | New Task 699bfca50d6b8978c741f283 audio analysis task created successfully
2026-02-23 12:07:45,814 | INFO | workers.stt_worker | Task created successfully with ID: 699bfcc1a81cd736c5ef24c2
2026-02-23 12:07:46,470 | INFO | workers.stt_worker | Enqueued audio analysis task 699bfcc1a81cd736c5ef24c2 for question result 699bfca40d6b8978c741f281
2026-02-23 12:07:46,471 | INFO | workers.stt_worker | New Task 699bfca50d6b8978c741f283 video analysis task created successfully
2026-02-23 12:07:47,265 | INFO | workers.stt_worker | Task completed | task_id=699bfca50d6b8978c741f283
2026-02-23 12:08:25,993 | INFO | workers.stt_worker | Task received | task_id=699bfce80d6b8978c741f28e
2026-02-23 12:09:06,842 | INFO | workers.stt_worker | Task 699bfce80d6b8978c741f28e speech to text processing completed successfully
2026-02-23 12:09:07,303 | INFO | workers.stt_worker | Task created successfully with ID: 699bfd1316231b13123f68d6
2026-02-23 12:09:07,447 | INFO | workers.stt_worker | Enqueued audio analysis task 699bfd1316231b13123f68d6 for question result 699bfce70d6b8978c741f28c
2026-02-23 12:09:07,448 | INFO | workers.stt_worker | New Task 699bfce80d6b8978c741f28e audio analysis task created successfully
2026-02-23 12:09:08,061 | INFO | workers.stt_worker | Task created successfully with ID: 699bfd1316231b13123f68d7
2026-02-23 12:09:09,276 | INFO | workers.stt_worker | Enqueued audio analysis task 699bfd1316231b13123f68d7 for question result 699bfce70d6b8978c741f28c
2026-02-23 12:09:09,276 | INFO | workers.stt_worker | New Task 699bfce80d6b8978c741f28e video analysis task created successfully
2026-02-23 12:09:09,813 | INFO | workers.stt_worker | Task completed | task_id=699bfce80d6b8978c741f28e
2026-02-23 12:11:01,849 | INFO | workers.stt_worker | Task received | task_id=699bfd850d6b8978c741f299
2026-02-23 12:11:39,205 | INFO | workers.stt_worker | Task 699bfd850d6b8978c741f299 speech to text processing completed successfully
2026-02-23 12:11:40,215 | INFO | workers.stt_worker | Task created successfully with ID: 699bfdaba81cd736c5ef24c3
2026-02-23 12:11:40,534 | INFO | workers.stt_worker | Enqueued audio analysis task 699bfdaba81cd736c5ef24c3 for question result 699bfd850d6b8978c741f297
2026-02-23 12:11:40,534 | INFO | workers.stt_worker | New Task 699bfd850d6b8978c741f299 audio analysis task created successfully
2026-02-23 12:11:41,674 | INFO | workers.stt_worker | Task created successfully with ID: 699bfdada81cd736c5ef24c4
2026-02-23 12:11:41,840 | INFO | workers.stt_worker | Enqueued audio analysis task 699bfdada81cd736c5ef24c4 for question result 699bfd850d6b8978c741f297
2026-02-23 12:11:41,840 | INFO | workers.stt_worker | New Task 699bfd850d6b8978c741f299 video analysis task created successfully
2026-02-23 12:11:42,191 | INFO | workers.stt_worker | Task completed | task_id=699bfd850d6b8978c741f299
2026-03-04 12:42:47,471 | INFO | pika.adapters.utils.connection_workflow | Pika version 1.3.2 connecting to ('15.206.140.228', 5671)
2026-03-04 12:42:48,289 | INFO | pika.adapters.utils.io_services_utils | Socket connected: <socket.socket fd=1344, family=2, type=1, proto=6, laddr=('192.168.100.7', 64812), raddr=('15.206.140.228', 5671)>
2026-03-04 12:42:48,641 | INFO | pika.adapters.utils.io_services_utils | SSL handshake completed successfully: <ssl.SSLSocket fd=1344, family=2, type=1, proto=0, laddr=('192.168.100.7', 64812), raddr=('15.206.140.228', 5671)>
2026-03-04 12:42:48,643 | INFO | pika.adapters.utils.connection_workflow | Streaming transport linked up: (<pika.adapters.utils.io_services_utils._AsyncSSLTransport object at 0x0000023681C03620>, _StreamingProtocolShim: <SelectConnection PROTOCOL transport=<pika.adapters.utils.io_services_utils._AsyncSSLTransport object at 0x0000023681C03620> params=<URLParameters host=puffin.rmq2.cloudamqp.com port=5671 virtual_host=gfhwdutw ssl=True>>).
2026-03-04 12:42:53,899 | INFO | pika.adapters.utils.connection_workflow | AMQPConnector - reporting success: <SelectConnection OPEN transport=<pika.adapters.utils.io_services_utils._AsyncSSLTransport object at 0x0000023681C03620> params=<URLParameters host=puffin.rmq2.cloudamqp.com port=5671 virtual_host=gfhwdutw ssl=True>>
2026-03-04 12:42:53,900 | INFO | pika.adapters.utils.connection_workflow | AMQPConnectionWorkflow - reporting success: <SelectConnection OPEN transport=<pika.adapters.utils.io_services_utils._AsyncSSLTransport object at 0x0000023681C03620> params=<URLParameters host=puffin.rmq2.cloudamqp.com port=5671 virtual_host=gfhwdutw ssl=True>>
2026-03-04 12:42:53,900 | INFO | pika.adapters.blocking_connection | Connection workflow succeeded: <SelectConnection OPEN transport=<pika.adapters.utils.io_services_utils._AsyncSSLTransport object at 0x0000023681C03620> params=<URLParameters host=puffin.rmq2.cloudamqp.com port=5671 virtual_host=gfhwdutw ssl=True>>
2026-03-04 12:42:53,901 | INFO | pika.adapters.blocking_connection | Created channel=1
2026-03-04 12:43:07,689 | ERROR | pika.adapters.utils.io_services_utils | Wrapped func exited with exception. Caller's stack:
Traceback (most recent call last):
  File "F:\Comsats\FYP\CODE\HireGenix-Python-Workers\venv\Lib\site-packages\pika\diagnostic_utils.py", line 53, in log_exception_func_wrap
    return func(*args, **kwargs)
  File "F:\Comsats\FYP\CODE\HireGenix-Python-Workers\venv\Lib\site-packages\pika\adapters\utils\io_services_utils.py", line 1235, in _consume
    super(_AsyncSSLTransport, self)._consume()
    ~~~~~~~~~~~~~~~~~~~~~~~~~~~~~~~~~~~~~~~~^^
  File "F:\Comsats\FYP\CODE\HireGenix-Python-Workers\venv\Lib\site-packages\pika\adapters\utils\io_services_utils.py", line 791, in _consume
    data = self._sigint_safe_recv(self._sock, self._MAX_RECV_BYTES)
  File "F:\Comsats\FYP\CODE\HireGenix-Python-Workers\venv\Lib\site-packages\pika\adapters\utils\io_services_utils.py", line 79, in retry_sigint_wrap
    return func(*args, **kwargs)
  File "F:\Comsats\FYP\CODE\HireGenix-Python-Workers\venv\Lib\site-packages\pika\adapters\utils\io_services_utils.py", line 846, in _sigint_safe_recv
    return sock.recv(max_bytes)
           ~~~~~~~~~^^^^^^^^^^^
  File "C:\Users\Admin\AppData\Local\Programs\Python\Python313\Lib\ssl.py", line 1285, in recv
    return self.read(buflen)
           ~~~~~~~~~^^^^^^^^
  File "C:\Users\Admin\AppData\Local\Programs\Python\Python313\Lib\ssl.py", line 1140, in read
    return self._sslobj.read(len)
           ~~~~~~~~~~~~~~~~~^^^^^
ConnectionResetError: [WinError 10054] An existing connection was forcibly closed by the remote host
Traceback (most recent call last):
  File "F:\Comsats\FYP\CODE\HireGenix-Python-Workers\venv\Lib\site-packages\pika\diagnostic_utils.py", line 53, in log_exception_func_wrap
    return func(*args, **kwargs)
  File "F:\Comsats\FYP\CODE\HireGenix-Python-Workers\venv\Lib\site-packages\pika\adapters\utils\io_services_utils.py", line 1235, in _consume
    super(_AsyncSSLTransport, self)._consume()
    ~~~~~~~~~~~~~~~~~~~~~~~~~~~~~~~~~~~~~~~~^^
  File "F:\Comsats\FYP\CODE\HireGenix-Python-Workers\venv\Lib\site-packages\pika\adapters\utils\io_services_utils.py", line 791, in _consume
    data = self._sigint_safe_recv(self._sock, self._MAX_RECV_BYTES)
  File "F:\Comsats\FYP\CODE\HireGenix-Python-Workers\venv\Lib\site-packages\pika\adapters\utils\io_services_utils.py", line 79, in retry_sigint_wrap
    return func(*args, **kwargs)
  File "F:\Comsats\FYP\CODE\HireGenix-Python-Workers\venv\Lib\site-packages\pika\adapters\utils\io_services_utils.py", line 846, in _sigint_safe_recv
    return sock.recv(max_bytes)
           ~~~~~~~~~^^^^^^^^^^^
  File "C:\Users\Admin\AppData\Local\Programs\Python\Python313\Lib\ssl.py", line 1285, in recv
    return self.read(buflen)
           ~~~~~~~~~^^^^^^^^
  File "C:\Users\Admin\AppData\Local\Programs\Python\Python313\Lib\ssl.py", line 1140, in read
    return self._sslobj.read(len)
           ~~~~~~~~~~~~~~~~~^^^^^
ConnectionResetError: [WinError 10054] An existing connection was forcibly closed by the remote host
2026-03-04 12:43:07,702 | INFO | pika.adapters.utils.io_services_utils | _AsyncTransportBase._initate_abort(): Initiating abrupt asynchronous transport shutdown: state=1; error=ConnectionResetError(10054, 'An existing connection was forcibly closed by the remote host', None, 10054, None); <ssl.SSLSocket fd=1344, family=2, type=1, proto=0, laddr=('192.168.100.7', 64812), raddr=('15.206.140.228', 5671)>
2026-03-04 12:43:07,705 | INFO | pika.adapters.utils.io_services_utils | Deactivating transport: state=1; <ssl.SSLSocket fd=1344, family=2, type=1, proto=0, laddr=('192.168.100.7', 64812), raddr=('15.206.140.228', 5671)>
2026-03-04 12:43:07,707 | ERROR | pika.adapters.base_connection | connection_lost: StreamLostError: ("Stream connection lost: ConnectionResetError(10054, 'An existing connection was forcibly closed by the remote host', None, 10054, None)",)
2026-03-04 12:43:07,708 | INFO | pika.connection | AMQP stack terminated, failed to connect, or aborted: opened=True, error-arg=StreamLostError: ("Stream connection lost: ConnectionResetError(10054, 'An existing connection was forcibly closed by the remote host', None, 10054, None)",); pending-error=None
2026-03-04 12:43:07,709 | INFO | pika.connection | Stack terminated due to StreamLostError: ("Stream connection lost: ConnectionResetError(10054, 'An existing connection was forcibly closed by the remote host', None, 10054, None)",)
2026-03-04 12:43:07,709 | INFO | pika.adapters.utils.io_services_utils | Closing transport socket and unlinking: state=2; <ssl.SSLSocket fd=1344, family=2, type=1, proto=0, laddr=('192.168.100.7', 64812), raddr=('15.206.140.228', 5671)>
2026-03-04 12:43:07,710 | ERROR | pika.adapters.blocking_connection | Unexpected connection close detected: StreamLostError: ("Stream connection lost: ConnectionResetError(10054, 'An existing connection was forcibly closed by the remote host', None, 10054, None)",)
2026-03-04 12:43:24,679 | INFO | pika.adapters.utils.connection_workflow | Pika version 1.3.2 connecting to ('15.206.140.228', 5671)
2026-03-04 12:43:24,755 | INFO | pika.adapters.utils.io_services_utils | Socket connected: <socket.socket fd=1348, family=2, type=1, proto=6, laddr=('192.168.0.100', 49917), raddr=('15.206.140.228', 5671)>
2026-03-04 12:43:24,986 | INFO | pika.adapters.utils.io_services_utils | SSL handshake completed successfully: <ssl.SSLSocket fd=1348, family=2, type=1, proto=0, laddr=('192.168.0.100', 49917), raddr=('15.206.140.228', 5671)>
2026-03-04 12:43:24,988 | INFO | pika.adapters.utils.connection_workflow | Streaming transport linked up: (<pika.adapters.utils.io_services_utils._AsyncSSLTransport object at 0x0000020ECEB73620>, _StreamingProtocolShim: <SelectConnection PROTOCOL transport=<pika.adapters.utils.io_services_utils._AsyncSSLTransport object at 0x0000020ECEB73620> params=<URLParameters host=puffin.rmq2.cloudamqp.com port=5671 virtual_host=gfhwdutw ssl=True>>).
2026-03-04 12:43:25,898 | INFO | pika.adapters.utils.connection_workflow | AMQPConnector - reporting success: <SelectConnection OPEN transport=<pika.adapters.utils.io_services_utils._AsyncSSLTransport object at 0x0000020ECEB73620> params=<URLParameters host=puffin.rmq2.cloudamqp.com port=5671 virtual_host=gfhwdutw ssl=True>>
2026-03-04 12:43:25,900 | INFO | pika.adapters.utils.connection_workflow | AMQPConnectionWorkflow - reporting success: <SelectConnection OPEN transport=<pika.adapters.utils.io_services_utils._AsyncSSLTransport object at 0x0000020ECEB73620> params=<URLParameters host=puffin.rmq2.cloudamqp.com port=5671 virtual_host=gfhwdutw ssl=True>>
2026-03-04 12:43:25,901 | INFO | pika.adapters.blocking_connection | Connection workflow succeeded: <SelectConnection OPEN transport=<pika.adapters.utils.io_services_utils._AsyncSSLTransport object at 0x0000020ECEB73620> params=<URLParameters host=puffin.rmq2.cloudamqp.com port=5671 virtual_host=gfhwdutw ssl=True>>
2026-03-04 12:43:25,902 | INFO | pika.adapters.blocking_connection | Created channel=1
2026-03-04 12:43:54,623 | ERROR | pika.adapters.utils.io_services_utils | Wrapped func exited with exception. Caller's stack:
Traceback (most recent call last):
  File "F:\Comsats\FYP\CODE\HireGenix-Python-Workers\venv\Lib\site-packages\pika\diagnostic_utils.py", line 53, in log_exception_func_wrap
    return func(*args, **kwargs)
  File "F:\Comsats\FYP\CODE\HireGenix-Python-Workers\venv\Lib\site-packages\pika\adapters\utils\io_services_utils.py", line 1235, in _consume
    super(_AsyncSSLTransport, self)._consume()
    ~~~~~~~~~~~~~~~~~~~~~~~~~~~~~~~~~~~~~~~~^^
  File "F:\Comsats\FYP\CODE\HireGenix-Python-Workers\venv\Lib\site-packages\pika\adapters\utils\io_services_utils.py", line 791, in _consume
    data = self._sigint_safe_recv(self._sock, self._MAX_RECV_BYTES)
  File "F:\Comsats\FYP\CODE\HireGenix-Python-Workers\venv\Lib\site-packages\pika\adapters\utils\io_services_utils.py", line 79, in retry_sigint_wrap
    return func(*args, **kwargs)
  File "F:\Comsats\FYP\CODE\HireGenix-Python-Workers\venv\Lib\site-packages\pika\adapters\utils\io_services_utils.py", line 846, in _sigint_safe_recv
    return sock.recv(max_bytes)
           ~~~~~~~~~^^^^^^^^^^^
  File "C:\Users\Admin\AppData\Local\Programs\Python\Python313\Lib\ssl.py", line 1285, in recv
    return self.read(buflen)
           ~~~~~~~~~^^^^^^^^
  File "C:\Users\Admin\AppData\Local\Programs\Python\Python313\Lib\ssl.py", line 1140, in read
    return self._sslobj.read(len)
           ~~~~~~~~~~~~~~~~~^^^^^
ConnectionResetError: [WinError 10054] An existing connection was forcibly closed by the remote host
Traceback (most recent call last):
  File "F:\Comsats\FYP\CODE\HireGenix-Python-Workers\venv\Lib\site-packages\pika\diagnostic_utils.py", line 53, in log_exception_func_wrap
    return func(*args, **kwargs)
  File "F:\Comsats\FYP\CODE\HireGenix-Python-Workers\venv\Lib\site-packages\pika\adapters\utils\io_services_utils.py", line 1235, in _consume
    super(_AsyncSSLTransport, self)._consume()
    ~~~~~~~~~~~~~~~~~~~~~~~~~~~~~~~~~~~~~~~~^^
  File "F:\Comsats\FYP\CODE\HireGenix-Python-Workers\venv\Lib\site-packages\pika\adapters\utils\io_services_utils.py", line 791, in _consume
    data = self._sigint_safe_recv(self._sock, self._MAX_RECV_BYTES)
  File "F:\Comsats\FYP\CODE\HireGenix-Python-Workers\venv\Lib\site-packages\pika\adapters\utils\io_services_utils.py", line 79, in retry_sigint_wrap
    return func(*args, **kwargs)
  File "F:\Comsats\FYP\CODE\HireGenix-Python-Workers\venv\Lib\site-packages\pika\adapters\utils\io_services_utils.py", line 846, in _sigint_safe_recv
    return sock.recv(max_bytes)
           ~~~~~~~~~^^^^^^^^^^^
  File "C:\Users\Admin\AppData\Local\Programs\Python\Python313\Lib\ssl.py", line 1285, in recv
    return self.read(buflen)
           ~~~~~~~~~^^^^^^^^
  File "C:\Users\Admin\AppData\Local\Programs\Python\Python313\Lib\ssl.py", line 1140, in read
    return self._sslobj.read(len)
           ~~~~~~~~~~~~~~~~~^^^^^
ConnectionResetError: [WinError 10054] An existing connection was forcibly closed by the remote host
2026-03-04 12:43:54,636 | INFO | pika.adapters.utils.io_services_utils | _AsyncTransportBase._initate_abort(): Initiating abrupt asynchronous transport shutdown: state=1; error=ConnectionResetError(10054, 'An existing connection was forcibly closed by the remote host', None, 10054, None); <ssl.SSLSocket fd=1348, family=2, type=1, proto=0, laddr=('192.168.0.100', 49917), raddr=('15.206.140.228', 5671)>
2026-03-04 12:43:54,636 | INFO | pika.adapters.utils.io_services_utils | Deactivating transport: state=1; <ssl.SSLSocket fd=1348, family=2, type=1, proto=0, laddr=('192.168.0.100', 49917), raddr=('15.206.140.228', 5671)>
2026-03-04 12:43:54,637 | ERROR | pika.adapters.base_connection | connection_lost: StreamLostError: ("Stream connection lost: ConnectionResetError(10054, 'An existing connection was forcibly closed by the remote host', None, 10054, None)",)
2026-03-04 12:43:54,637 | INFO | pika.connection | AMQP stack terminated, failed to connect, or aborted: opened=True, error-arg=StreamLostError: ("Stream connection lost: ConnectionResetError(10054, 'An existing connection was forcibly closed by the remote host', None, 10054, None)",); pending-error=None
2026-03-04 12:43:54,638 | INFO | pika.connection | Stack terminated due to StreamLostError: ("Stream connection lost: ConnectionResetError(10054, 'An existing connection was forcibly closed by the remote host', None, 10054, None)",)
2026-03-04 12:43:54,639 | INFO | pika.adapters.utils.io_services_utils | Closing transport socket and unlinking: state=2; <ssl.SSLSocket fd=1348, family=2, type=1, proto=0, laddr=('192.168.0.100', 49917), raddr=('15.206.140.228', 5671)>
2026-03-04 12:43:54,643 | ERROR | pika.adapters.blocking_connection | Unexpected connection close detected: StreamLostError: ("Stream connection lost: ConnectionResetError(10054, 'An existing connection was forcibly closed by the remote host', None, 10054, None)",)
2026-03-04 12:44:17,529 | INFO | pika.adapters.utils.connection_workflow | Pika version 1.3.2 connecting to ('15.206.140.228', 5671)
2026-03-04 12:44:18,260 | INFO | pika.adapters.utils.io_services_utils | Socket connected: <socket.socket fd=1404, family=2, type=1, proto=6, laddr=('192.168.100.7', 63004), raddr=('15.206.140.228', 5671)>
2026-03-04 12:44:18,645 | INFO | pika.adapters.utils.io_services_utils | SSL handshake completed successfully: <ssl.SSLSocket fd=1404, family=2, type=1, proto=0, laddr=('192.168.100.7', 63004), raddr=('15.206.140.228', 5671)>
2026-03-04 12:44:18,648 | INFO | pika.adapters.utils.connection_workflow | Streaming transport linked up: (<pika.adapters.utils.io_services_utils._AsyncSSLTransport object at 0x0000020DC0AB3620>, _StreamingProtocolShim: <SelectConnection PROTOCOL transport=<pika.adapters.utils.io_services_utils._AsyncSSLTransport object at 0x0000020DC0AB3620> params=<URLParameters host=puffin.rmq2.cloudamqp.com port=5671 virtual_host=gfhwdutw ssl=True>>).
2026-03-04 12:44:19,465 | INFO | pika.adapters.utils.connection_workflow | AMQPConnector - reporting success: <SelectConnection OPEN transport=<pika.adapters.utils.io_services_utils._AsyncSSLTransport object at 0x0000020DC0AB3620> params=<URLParameters host=puffin.rmq2.cloudamqp.com port=5671 virtual_host=gfhwdutw ssl=True>>
2026-03-04 12:44:19,466 | INFO | pika.adapters.utils.connection_workflow | AMQPConnectionWorkflow - reporting success: <SelectConnection OPEN transport=<pika.adapters.utils.io_services_utils._AsyncSSLTransport object at 0x0000020DC0AB3620> params=<URLParameters host=puffin.rmq2.cloudamqp.com port=5671 virtual_host=gfhwdutw ssl=True>>
2026-03-04 12:44:19,466 | INFO | pika.adapters.blocking_connection | Connection workflow succeeded: <SelectConnection OPEN transport=<pika.adapters.utils.io_services_utils._AsyncSSLTransport object at 0x0000020DC0AB3620> params=<URLParameters host=puffin.rmq2.cloudamqp.com port=5671 virtual_host=gfhwdutw ssl=True>>
2026-03-04 12:44:19,467 | INFO | pika.adapters.blocking_connection | Created channel=1
2026-03-04 12:44:24,795 | INFO | workers.stt_worker | Worker started and waiting for speech to text jobs...
2026-03-04 12:44:24,795 | INFO | workers.stt_worker | Task received | task_id=69a7e12505c6060d14715120
2026-03-04 12:44:45,626 | INFO | pika.adapters.utils.connection_workflow | Pika version 1.3.2 connecting to ('15.206.140.228', 5671)
2026-03-04 12:44:46,386 | INFO | pika.adapters.utils.io_services_utils | Socket connected: <socket.socket fd=1332, family=2, type=1, proto=6, laddr=('192.168.100.7', 57790), raddr=('15.206.140.228', 5671)>
2026-03-04 12:44:46,819 | INFO | pika.adapters.utils.io_services_utils | SSL handshake completed successfully: <ssl.SSLSocket fd=1332, family=2, type=1, proto=0, laddr=('192.168.100.7', 57790), raddr=('15.206.140.228', 5671)>
2026-03-04 12:44:46,821 | INFO | pika.adapters.utils.connection_workflow | Streaming transport linked up: (<pika.adapters.utils.io_services_utils._AsyncSSLTransport object at 0x00000203073F3620>, _StreamingProtocolShim: <SelectConnection PROTOCOL transport=<pika.adapters.utils.io_services_utils._AsyncSSLTransport object at 0x00000203073F3620> params=<URLParameters host=puffin.rmq2.cloudamqp.com port=5671 virtual_host=gfhwdutw ssl=True>>).
2026-03-04 12:44:49,875 | INFO | pika.adapters.utils.connection_workflow | AMQPConnector - reporting success: <SelectConnection OPEN transport=<pika.adapters.utils.io_services_utils._AsyncSSLTransport object at 0x00000203073F3620> params=<URLParameters host=puffin.rmq2.cloudamqp.com port=5671 virtual_host=gfhwdutw ssl=True>>
2026-03-04 12:44:49,877 | INFO | pika.adapters.utils.connection_workflow | AMQPConnectionWorkflow - reporting success: <SelectConnection OPEN transport=<pika.adapters.utils.io_services_utils._AsyncSSLTransport object at 0x00000203073F3620> params=<URLParameters host=puffin.rmq2.cloudamqp.com port=5671 virtual_host=gfhwdutw ssl=True>>
2026-03-04 12:44:49,878 | INFO | pika.adapters.blocking_connection | Connection workflow succeeded: <SelectConnection OPEN transport=<pika.adapters.utils.io_services_utils._AsyncSSLTransport object at 0x00000203073F3620> params=<URLParameters host=puffin.rmq2.cloudamqp.com port=5671 virtual_host=gfhwdutw ssl=True>>
2026-03-04 12:44:49,880 | INFO | pika.adapters.blocking_connection | Created channel=1
2026-03-04 12:44:58,239 | ERROR | pika.adapters.utils.io_services_utils | Wrapped func exited with exception. Caller's stack:
Traceback (most recent call last):
  File "F:\Comsats\FYP\CODE\HireGenix-Python-Workers\venv\Lib\site-packages\pika\diagnostic_utils.py", line 53, in log_exception_func_wrap
    return func(*args, **kwargs)
  File "F:\Comsats\FYP\CODE\HireGenix-Python-Workers\venv\Lib\site-packages\pika\adapters\utils\io_services_utils.py", line 1235, in _consume
    super(_AsyncSSLTransport, self)._consume()
    ~~~~~~~~~~~~~~~~~~~~~~~~~~~~~~~~~~~~~~~~^^
  File "F:\Comsats\FYP\CODE\HireGenix-Python-Workers\venv\Lib\site-packages\pika\adapters\utils\io_services_utils.py", line 791, in _consume
    data = self._sigint_safe_recv(self._sock, self._MAX_RECV_BYTES)
  File "F:\Comsats\FYP\CODE\HireGenix-Python-Workers\venv\Lib\site-packages\pika\adapters\utils\io_services_utils.py", line 79, in retry_sigint_wrap
    return func(*args, **kwargs)
  File "F:\Comsats\FYP\CODE\HireGenix-Python-Workers\venv\Lib\site-packages\pika\adapters\utils\io_services_utils.py", line 846, in _sigint_safe_recv
    return sock.recv(max_bytes)
           ~~~~~~~~~^^^^^^^^^^^
  File "C:\Users\Admin\AppData\Local\Programs\Python\Python313\Lib\ssl.py", line 1285, in recv
    return self.read(buflen)
           ~~~~~~~~~^^^^^^^^
  File "C:\Users\Admin\AppData\Local\Programs\Python\Python313\Lib\ssl.py", line 1140, in read
    return self._sslobj.read(len)
           ~~~~~~~~~~~~~~~~~^^^^^
ConnectionResetError: [WinError 10054] An existing connection was forcibly closed by the remote host
Traceback (most recent call last):
  File "F:\Comsats\FYP\CODE\HireGenix-Python-Workers\venv\Lib\site-packages\pika\diagnostic_utils.py", line 53, in log_exception_func_wrap
    return func(*args, **kwargs)
  File "F:\Comsats\FYP\CODE\HireGenix-Python-Workers\venv\Lib\site-packages\pika\adapters\utils\io_services_utils.py", line 1235, in _consume
    super(_AsyncSSLTransport, self)._consume()
    ~~~~~~~~~~~~~~~~~~~~~~~~~~~~~~~~~~~~~~~~^^
  File "F:\Comsats\FYP\CODE\HireGenix-Python-Workers\venv\Lib\site-packages\pika\adapters\utils\io_services_utils.py", line 791, in _consume
    data = self._sigint_safe_recv(self._sock, self._MAX_RECV_BYTES)
  File "F:\Comsats\FYP\CODE\HireGenix-Python-Workers\venv\Lib\site-packages\pika\adapters\utils\io_services_utils.py", line 79, in retry_sigint_wrap
    return func(*args, **kwargs)
  File "F:\Comsats\FYP\CODE\HireGenix-Python-Workers\venv\Lib\site-packages\pika\adapters\utils\io_services_utils.py", line 846, in _sigint_safe_recv
    return sock.recv(max_bytes)
           ~~~~~~~~~^^^^^^^^^^^
  File "C:\Users\Admin\AppData\Local\Programs\Python\Python313\Lib\ssl.py", line 1285, in recv
    return self.read(buflen)
           ~~~~~~~~~^^^^^^^^
  File "C:\Users\Admin\AppData\Local\Programs\Python\Python313\Lib\ssl.py", line 1140, in read
    return self._sslobj.read(len)
           ~~~~~~~~~~~~~~~~~^^^^^
ConnectionResetError: [WinError 10054] An existing connection was forcibly closed by the remote host
2026-03-04 12:44:58,258 | INFO | pika.adapters.utils.io_services_utils | _AsyncTransportBase._initate_abort(): Initiating abrupt asynchronous transport shutdown: state=1; error=ConnectionResetError(10054, 'An existing connection was forcibly closed by the remote host', None, 10054, None); <ssl.SSLSocket fd=1332, family=2, type=1, proto=0, laddr=('192.168.100.7', 57790), raddr=('15.206.140.228', 5671)>
2026-03-04 12:44:58,258 | INFO | pika.adapters.utils.io_services_utils | Deactivating transport: state=1; <ssl.SSLSocket fd=1332, family=2, type=1, proto=0, laddr=('192.168.100.7', 57790), raddr=('15.206.140.228', 5671)>
2026-03-04 12:44:58,254 | INFO | workers.stt_worker | Acknowledge the task because question does not exist
2026-03-04 12:44:58,259 | ERROR | pika.adapters.base_connection | connection_lost: StreamLostError: ("Stream connection lost: ConnectionResetError(10054, 'An existing connection was forcibly closed by the remote host', None, 10054, None)",)
2026-03-04 12:44:58,271 | INFO | pika.connection | AMQP stack terminated, failed to connect, or aborted: opened=True, error-arg=StreamLostError: ("Stream connection lost: ConnectionResetError(10054, 'An existing connection was forcibly closed by the remote host', None, 10054, None)",); pending-error=None
2026-03-04 12:44:58,268 | ERROR | pika.adapters.utils.io_services_utils | Wrapped func exited with exception. Caller's stack:
Traceback (most recent call last):
  File "F:\Comsats\FYP\CODE\HireGenix-Python-Workers\venv\Lib\site-packages\pika\diagnostic_utils.py", line 53, in log_exception_func_wrap
    return func(*args, **kwargs)
  File "F:\Comsats\FYP\CODE\HireGenix-Python-Workers\venv\Lib\site-packages\pika\adapters\utils\io_services_utils.py", line 1308, in _produce
    super(_AsyncSSLTransport, self)._produce()
    ~~~~~~~~~~~~~~~~~~~~~~~~~~~~~~~~~~~~~~~~^^
  File "F:\Comsats\FYP\CODE\HireGenix-Python-Workers\venv\Lib\site-packages\pika\adapters\utils\io_services_utils.py", line 819, in _produce
    num_bytes_sent = self._sigint_safe_send(self._sock,
                                            self._tx_buffers[0])
  File "F:\Comsats\FYP\CODE\HireGenix-Python-Workers\venv\Lib\site-packages\pika\adapters\utils\io_services_utils.py", line 79, in retry_sigint_wrap
    return func(*args, **kwargs)
  File "F:\Comsats\FYP\CODE\HireGenix-Python-Workers\venv\Lib\site-packages\pika\adapters\utils\io_services_utils.py", line 861, in _sigint_safe_send
    return sock.send(data)
           ~~~~~~~~~^^^^^^
  File "C:\Users\Admin\AppData\Local\Programs\Python\Python313\Lib\ssl.py", line 1232, in send
    return self._sslobj.write(data)
           ~~~~~~~~~~~~~~~~~~^^^^^^
ConnectionResetError: [WinError 10054] An existing connection was forcibly closed by the remote host
Traceback (most recent call last):
  File "F:\Comsats\FYP\CODE\HireGenix-Python-Workers\venv\Lib\site-packages\pika\diagnostic_utils.py", line 53, in log_exception_func_wrap
    return func(*args, **kwargs)
  File "F:\Comsats\FYP\CODE\HireGenix-Python-Workers\venv\Lib\site-packages\pika\adapters\utils\io_services_utils.py", line 1308, in _produce
    super(_AsyncSSLTransport, self)._produce()
    ~~~~~~~~~~~~~~~~~~~~~~~~~~~~~~~~~~~~~~~~^^
  File "F:\Comsats\FYP\CODE\HireGenix-Python-Workers\venv\Lib\site-packages\pika\adapters\utils\io_services_utils.py", line 819, in _produce
    num_bytes_sent = self._sigint_safe_send(self._sock,
                                            self._tx_buffers[0])
  File "F:\Comsats\FYP\CODE\HireGenix-Python-Workers\venv\Lib\site-packages\pika\adapters\utils\io_services_utils.py", line 79, in retry_sigint_wrap
    return func(*args, **kwargs)
  File "F:\Comsats\FYP\CODE\HireGenix-Python-Workers\venv\Lib\site-packages\pika\adapters\utils\io_services_utils.py", line 861, in _sigint_safe_send
    return sock.send(data)
           ~~~~~~~~~^^^^^^
  File "C:\Users\Admin\AppData\Local\Programs\Python\Python313\Lib\ssl.py", line 1232, in send
    return self._sslobj.write(data)
           ~~~~~~~~~~~~~~~~~~^^^^^^
ConnectionResetError: [WinError 10054] An existing connection was forcibly closed by the remote host
2026-03-04 12:44:58,272 | INFO | pika.connection | Stack terminated due to StreamLostError: ("Stream connection lost: ConnectionResetError(10054, 'An existing connection was forcibly closed by the remote host', None, 10054, None)",)
2026-03-04 12:44:58,279 | INFO | pika.adapters.utils.io_services_utils | _AsyncTransportBase._initate_abort(): Initiating abrupt asynchronous transport shutdown: state=1; error=ConnectionResetError(10054, 'An existing connection was forcibly closed by the remote host', None, 10054, None); <ssl.SSLSocket fd=1404, family=2, type=1, proto=0, laddr=('192.168.100.7', 63004), raddr=('15.206.140.228', 5671)>
2026-03-04 12:44:58,279 | INFO | pika.adapters.utils.io_services_utils | Closing transport socket and unlinking: state=2; <ssl.SSLSocket fd=1332, family=2, type=1, proto=0, laddr=('192.168.100.7', 57790), raddr=('15.206.140.228', 5671)>
2026-03-04 12:44:58,283 | INFO | pika.adapters.utils.io_services_utils | Deactivating transport: state=1; <ssl.SSLSocket fd=1404, family=2, type=1, proto=0, laddr=('192.168.100.7', 63004), raddr=('15.206.140.228', 5671)>
2026-03-04 12:44:58,284 | ERROR | pika.adapters.blocking_connection | Unexpected connection close detected: StreamLostError: ("Stream connection lost: ConnectionResetError(10054, 'An existing connection was forcibly closed by the remote host', None, 10054, None)",)
2026-03-04 12:44:58,286 | ERROR | pika.adapters.base_connection | connection_lost: StreamLostError: ("Stream connection lost: ConnectionResetError(10054, 'An existing connection was forcibly closed by the remote host', None, 10054, None)",)
2026-03-04 12:44:58,291 | INFO | pika.connection | AMQP stack terminated, failed to connect, or aborted: opened=True, error-arg=StreamLostError: ("Stream connection lost: ConnectionResetError(10054, 'An existing connection was forcibly closed by the remote host', None, 10054, None)",); pending-error=None
2026-03-04 12:44:58,302 | INFO | pika.connection | Stack terminated due to StreamLostError: ("Stream connection lost: ConnectionResetError(10054, 'An existing connection was forcibly closed by the remote host', None, 10054, None)",)
2026-03-04 12:44:58,312 | INFO | pika.adapters.utils.io_services_utils | Closing transport socket and unlinking: state=2; <ssl.SSLSocket fd=1404, family=2, type=1, proto=0, laddr=('192.168.100.7', 63004), raddr=('15.206.140.228', 5671)>
2026-03-04 12:44:58,313 | ERROR | pika.adapters.blocking_connection | Unexpected connection close detected: StreamLostError: ("Stream connection lost: ConnectionResetError(10054, 'An existing connection was forcibly closed by the remote host', None, 10054, None)",)
2026-03-04 12:44:58,321 | ERROR | workers.stt_worker | Task crashed | task_id=69a7e12505c6060d14715120
Traceback (most recent call last):
  File "F:\Comsats\FYP\CODE\HireGenix-Python-Workers\workers\stt_worker.py", line 139, in callback
    ch.basic_ack(delivery_tag=method.delivery_tag)
    ~~~~~~~~~~~~^^^^^^^^^^^^^^^^^^^^^^^^^^^^^^^^^^
  File "F:\Comsats\FYP\CODE\HireGenix-Python-Workers\venv\Lib\site-packages\pika\adapters\blocking_connection.py", line 2130, in basic_ack
    self._flush_output()
    ~~~~~~~~~~~~~~~~~~^^
  File "F:\Comsats\FYP\CODE\HireGenix-Python-Workers\venv\Lib\site-packages\pika\adapters\blocking_connection.py", line 1353, in _flush_output
    self._connection._flush_output(lambda: self.is_closed, *waiters)
    ~~~~~~~~~~~~~~~~~~~~~~~~~~~~~~^^^^^^^^^^^^^^^^^^^^^^^^^^^^^^^^^^
  File "F:\Comsats\FYP\CODE\HireGenix-Python-Workers\venv\Lib\site-packages\pika\adapters\blocking_connection.py", line 523, in _flush_output
    raise self._closed_result.value.error
pika.exceptions.StreamLostError: Stream connection lost: ConnectionResetError(10054, 'An existing connection was forcibly closed by the remote host', None, 10054, None)
2026-03-04 12:45:26,600 | INFO | workers.stt_worker | Moving to Waiting Room (10s delay) | retry=1
2026-03-04 12:45:26,601 | ERROR | workers.stt_worker | Failed to move to delay queue: Channel is closed.
2026-03-04 12:54:14,565 | INFO | pika.adapters.utils.connection_workflow | Pika version 1.3.2 connecting to ('15.206.140.228', 5671)
2026-03-04 12:54:14,632 | INFO | pika.adapters.utils.io_services_utils | Socket connected: <socket.socket fd=884, family=2, type=1, proto=6, laddr=('192.168.100.7', 50905), raddr=('15.206.140.228', 5671)>
2026-03-04 12:54:14,987 | INFO | pika.adapters.utils.io_services_utils | SSL handshake completed successfully: <ssl.SSLSocket fd=884, family=2, type=1, proto=0, laddr=('192.168.100.7', 50905), raddr=('15.206.140.228', 5671)>
2026-03-04 12:54:14,988 | INFO | pika.adapters.utils.connection_workflow | Streaming transport linked up: (<pika.adapters.utils.io_services_utils._AsyncSSLTransport object at 0x00000232AA2E3620>, _StreamingProtocolShim: <SelectConnection PROTOCOL transport=<pika.adapters.utils.io_services_utils._AsyncSSLTransport object at 0x00000232AA2E3620> params=<URLParameters host=puffin.rmq2.cloudamqp.com port=5671 virtual_host=gfhwdutw ssl=True>>).
2026-03-04 12:54:15,820 | INFO | pika.adapters.utils.connection_workflow | AMQPConnector - reporting success: <SelectConnection OPEN transport=<pika.adapters.utils.io_services_utils._AsyncSSLTransport object at 0x00000232AA2E3620> params=<URLParameters host=puffin.rmq2.cloudamqp.com port=5671 virtual_host=gfhwdutw ssl=True>>
2026-03-04 12:54:15,821 | INFO | pika.adapters.utils.connection_workflow | AMQPConnectionWorkflow - reporting success: <SelectConnection OPEN transport=<pika.adapters.utils.io_services_utils._AsyncSSLTransport object at 0x00000232AA2E3620> params=<URLParameters host=puffin.rmq2.cloudamqp.com port=5671 virtual_host=gfhwdutw ssl=True>>
2026-03-04 12:54:15,823 | INFO | pika.adapters.blocking_connection | Connection workflow succeeded: <SelectConnection OPEN transport=<pika.adapters.utils.io_services_utils._AsyncSSLTransport object at 0x00000232AA2E3620> params=<URLParameters host=puffin.rmq2.cloudamqp.com port=5671 virtual_host=gfhwdutw ssl=True>>
2026-03-04 12:54:15,824 | INFO | pika.adapters.blocking_connection | Created channel=1
2026-03-04 12:54:22,839 | INFO | workers.stt_worker | Worker started and waiting for speech to text jobs...
2026-03-04 12:54:22,840 | INFO | workers.stt_worker | Task received | task_id=69a7e12505c6060d14715120
2026-03-04 12:54:27,185 | WARNING | workers.stt_worker | Task skip: Current status is failed
2026-03-04 12:54:27,347 | INFO | workers.stt_worker | Task received | task_id=69a7e1a305c6060d1471512b
2026-03-04 12:54:40,880 | INFO | pika.adapters.utils.connection_workflow | Pika version 1.3.2 connecting to ('15.206.140.228', 5671)
2026-03-04 12:54:40,967 | INFO | pika.adapters.utils.io_services_utils | Socket connected: <socket.socket fd=1360, family=2, type=1, proto=6, laddr=('192.168.100.7', 54837), raddr=('15.206.140.228', 5671)>
2026-03-04 12:54:41,077 | INFO | pika.adapters.utils.io_services_utils | SSL handshake completed successfully: <ssl.SSLSocket fd=1360, family=2, type=1, proto=0, laddr=('192.168.100.7', 54837), raddr=('15.206.140.228', 5671)>
2026-03-04 12:54:41,077 | INFO | pika.adapters.utils.connection_workflow | Streaming transport linked up: (<pika.adapters.utils.io_services_utils._AsyncSSLTransport object at 0x0000016C05113620>, _StreamingProtocolShim: <SelectConnection PROTOCOL transport=<pika.adapters.utils.io_services_utils._AsyncSSLTransport object at 0x0000016C05113620> params=<URLParameters host=puffin.rmq2.cloudamqp.com port=5671 virtual_host=gfhwdutw ssl=True>>).
2026-03-04 12:54:41,348 | INFO | pika.adapters.utils.connection_workflow | AMQPConnector - reporting success: <SelectConnection OPEN transport=<pika.adapters.utils.io_services_utils._AsyncSSLTransport object at 0x0000016C05113620> params=<URLParameters host=puffin.rmq2.cloudamqp.com port=5671 virtual_host=gfhwdutw ssl=True>>
2026-03-04 12:54:41,348 | INFO | pika.adapters.utils.connection_workflow | AMQPConnectionWorkflow - reporting success: <SelectConnection OPEN transport=<pika.adapters.utils.io_services_utils._AsyncSSLTransport object at 0x0000016C05113620> params=<URLParameters host=puffin.rmq2.cloudamqp.com port=5671 virtual_host=gfhwdutw ssl=True>>
2026-03-04 12:54:41,349 | INFO | pika.adapters.blocking_connection | Connection workflow succeeded: <SelectConnection OPEN transport=<pika.adapters.utils.io_services_utils._AsyncSSLTransport object at 0x0000016C05113620> params=<URLParameters host=puffin.rmq2.cloudamqp.com port=5671 virtual_host=gfhwdutw ssl=True>>
2026-03-04 12:54:41,349 | INFO | pika.adapters.blocking_connection | Created channel=1
2026-03-04 12:54:45,341 | INFO | workers.stt_worker | Worker started and waiting for speech to text jobs...
2026-03-04 12:54:45,341 | INFO | workers.stt_worker | Task received | task_id=69a7e1dd05c6060d14715136
2026-03-04 12:55:35,298 | INFO | workers.stt_worker | Acknowledge the task because question does not exist
2026-03-04 12:55:35,299 | INFO | workers.stt_worker | Task 69a7e1dd05c6060d14715136 speech to text processing completed successfully
2026-03-04 12:55:37,110 | INFO | workers.stt_worker | Task created successfully with ID: 69a7e578d28e85ac375d3f6b
2026-03-04 12:55:37,185 | INFO | workers.stt_worker | Enqueued audio analysis task 69a7e578d28e85ac375d3f6b for question result 69a7e1dc05c6060d14715134
2026-03-04 12:55:37,186 | INFO | workers.stt_worker | New Task 69a7e1dd05c6060d14715136 audio analysis task created successfully
2026-03-04 12:55:37,486 | INFO | workers.stt_worker | Task created successfully with ID: 69a7e579d28e85ac375d3f6c
2026-03-04 12:55:37,621 | INFO | workers.stt_worker | Enqueued audio analysis task 69a7e579d28e85ac375d3f6c for question result 69a7e1dc05c6060d14715134
2026-03-04 12:55:37,621 | INFO | workers.stt_worker | New Task 69a7e1dd05c6060d14715136 video analysis task created successfully
2026-03-04 12:55:37,753 | INFO | workers.stt_worker | Task completed | task_id=69a7e1dd05c6060d14715136
2026-03-04 12:55:37,754 | INFO | workers.stt_worker | Task received | task_id=69a7e21705c6060d14715141
2026-03-04 12:56:19,906 | INFO | workers.stt_worker | Task 69a7e21705c6060d14715141 speech to text processing completed successfully
2026-03-04 12:56:20,414 | INFO | workers.stt_worker | Task created successfully with ID: 69a7e5a4d28e85ac375d3f6d
2026-03-04 12:56:20,417 | WARNING | pika.channel | Received remote Channel.Close (406): 'PRECONDITION_FAILED - unknown delivery tag 1' on <Channel number=1 OPEN conn=<SelectConnection OPEN transport=<pika.adapters.utils.io_services_utils._AsyncSSLTransport object at 0x0000016C05113620> params=<URLParameters host=puffin.rmq2.cloudamqp.com port=5671 virtual_host=gfhwdutw ssl=True>>>
2026-03-04 12:56:20,420 | ERROR | workers.stt_worker | Error creating and pushing audio analysis task
Traceback (most recent call last):
  File "F:\Comsats\FYP\CODE\HireGenix-Python-Workers\workers\stt_worker.py", line 50, in create_and_push_audio_analysis_task_to_queue
    channel.basic_publish(
    ~~~~~~~~~~~~~~~~~~~~~^
        exchange='',
        ^^^^^^^^^^^^
    ...<5 lines>...
        mandatory=True  # raise on unroutable
        ^^^^^^^^^^^^^^^^^^^^^^^^^^^^^^^^^^^^^
    )
    ^
  File "F:\Comsats\FYP\CODE\HireGenix-Python-Workers\venv\Lib\site-packages\pika\adapters\blocking_connection.py", line 2229, in basic_publish
    self._flush_output(self._message_confirmation_result.is_ready)
    ~~~~~~~~~~~~~~~~~~^^^^^^^^^^^^^^^^^^^^^^^^^^^^^^^^^^^^^^^^^^^^
  File "F:\Comsats\FYP\CODE\HireGenix-Python-Workers\venv\Lib\site-packages\pika\adapters\blocking_connection.py", line 1357, in _flush_output
    raise self._closing_reason  # pylint: disable=E0702
    ^^^^^^^^^^^^^^^^^^^^^^^^^^
pika.exceptions.ChannelClosedByBroker: (406, 'PRECONDITION_FAILED - unknown delivery tag 1')
2026-03-04 12:56:20,432 | ERROR | workers.stt_worker | Task crashed | task_id=69a7e21705c6060d14715141
Traceback (most recent call last):
  File "F:\Comsats\FYP\CODE\HireGenix-Python-Workers\workers\stt_worker.py", line 149, in callback
    raise Exception("Audio analysis task not created in DB")
Exception: Audio analysis task not created in DB
2026-03-04 12:56:20,580 | INFO | workers.stt_worker | Moving to Waiting Room (10s delay) | retry=1
2026-03-04 12:56:20,581 | ERROR | workers.stt_worker | Failed to move to delay queue: Channel is closed.
2026-03-04 12:56:29,553 | INFO | workers.stt_worker | Task 69a7e1a305c6060d1471512b speech to text processing completed successfully
2026-03-04 12:56:29,800 | INFO | workers.stt_worker | Task created successfully with ID: 69a7e5ad0ee17b811eb684d8
2026-03-04 12:56:29,884 | INFO | workers.stt_worker | Enqueued audio analysis task 69a7e5ad0ee17b811eb684d8 for question result 69a7e1a305c6060d14715129
2026-03-04 12:56:29,885 | INFO | workers.stt_worker | New Task 69a7e1a305c6060d1471512b audio analysis task created successfully
2026-03-04 12:56:30,141 | INFO | workers.stt_worker | Task created successfully with ID: 69a7e5ae0ee17b811eb684d9
2026-03-04 12:56:30,217 | INFO | workers.stt_worker | Enqueued audio analysis task 69a7e5ae0ee17b811eb684d9 for question result 69a7e1a305c6060d14715129
2026-03-04 12:56:30,218 | INFO | workers.stt_worker | New Task 69a7e1a305c6060d1471512b video analysis task created successfully
2026-03-04 12:56:30,349 | INFO | workers.stt_worker | Task completed | task_id=69a7e1a305c6060d1471512b
2026-03-04 12:56:30,566 | INFO | workers.stt_worker | Task received | task_id=69a7e21705c6060d14715141
2026-03-04 12:56:30,832 | WARNING | workers.stt_worker | Task skip: Current status is failed
2026-03-04 12:56:30,898 | INFO | workers.stt_worker | Task received | task_id=69a7e24f05c6060d1471514c
2026-03-04 12:57:10,076 | INFO | workers.stt_worker | Task 69a7e24f05c6060d1471514c speech to text processing completed successfully
2026-03-04 12:57:10,335 | INFO | workers.stt_worker | Task created successfully with ID: 69a7e5d60ee17b811eb684da
2026-03-04 12:57:10,414 | INFO | workers.stt_worker | Enqueued audio analysis task 69a7e5d60ee17b811eb684da for question result 69a7e24e05c6060d1471514a
2026-03-04 12:57:10,414 | INFO | workers.stt_worker | New Task 69a7e24f05c6060d1471514c audio analysis task created successfully
2026-03-04 12:57:10,684 | INFO | workers.stt_worker | Task created successfully with ID: 69a7e5d60ee17b811eb684db
2026-03-04 12:57:10,769 | INFO | workers.stt_worker | Enqueued audio analysis task 69a7e5d60ee17b811eb684db for question result 69a7e24e05c6060d1471514a
2026-03-04 12:57:10,769 | INFO | workers.stt_worker | New Task 69a7e24f05c6060d1471514c video analysis task created successfully
2026-03-04 12:57:10,898 | INFO | workers.stt_worker | Task completed | task_id=69a7e24f05c6060d1471514c
2026-03-04 13:01:33,933 | INFO | pika.adapters.utils.connection_workflow | Pika version 1.3.2 connecting to ('15.206.140.228', 5671)
2026-03-04 13:01:34,006 | INFO | pika.adapters.utils.io_services_utils | Socket connected: <socket.socket fd=1372, family=2, type=1, proto=6, laddr=('192.168.100.7', 52987), raddr=('15.206.140.228', 5671)>
2026-03-04 13:01:34,134 | INFO | pika.adapters.utils.io_services_utils | SSL handshake completed successfully: <ssl.SSLSocket fd=1372, family=2, type=1, proto=0, laddr=('192.168.100.7', 52987), raddr=('15.206.140.228', 5671)>
2026-03-04 13:01:34,136 | INFO | pika.adapters.utils.connection_workflow | Streaming transport linked up: (<pika.adapters.utils.io_services_utils._AsyncSSLTransport object at 0x000001A6002B3620>, _StreamingProtocolShim: <SelectConnection PROTOCOL transport=<pika.adapters.utils.io_services_utils._AsyncSSLTransport object at 0x000001A6002B3620> params=<URLParameters host=puffin.rmq2.cloudamqp.com port=5671 virtual_host=gfhwdutw ssl=True>>).
2026-03-04 13:01:34,378 | INFO | pika.adapters.utils.connection_workflow | AMQPConnector - reporting success: <SelectConnection OPEN transport=<pika.adapters.utils.io_services_utils._AsyncSSLTransport object at 0x000001A6002B3620> params=<URLParameters host=puffin.rmq2.cloudamqp.com port=5671 virtual_host=gfhwdutw ssl=True>>
2026-03-04 13:01:34,379 | INFO | pika.adapters.utils.connection_workflow | AMQPConnectionWorkflow - reporting success: <SelectConnection OPEN transport=<pika.adapters.utils.io_services_utils._AsyncSSLTransport object at 0x000001A6002B3620> params=<URLParameters host=puffin.rmq2.cloudamqp.com port=5671 virtual_host=gfhwdutw ssl=True>>
2026-03-04 13:01:34,381 | INFO | pika.adapters.blocking_connection | Connection workflow succeeded: <SelectConnection OPEN transport=<pika.adapters.utils.io_services_utils._AsyncSSLTransport object at 0x000001A6002B3620> params=<URLParameters host=puffin.rmq2.cloudamqp.com port=5671 virtual_host=gfhwdutw ssl=True>>
2026-03-04 13:01:34,382 | INFO | pika.adapters.blocking_connection | Created channel=1
2026-03-04 13:01:36,606 | INFO | workers.stt_worker | Worker started and waiting for speech to text jobs...
2026-03-04 13:53:34,430 | INFO | workers.stt_worker | Task received | task_id=69a7f30e472d6d3eb2db072d
2026-03-04 13:54:06,672 | INFO | workers.stt_worker | Task 69a7f30e472d6d3eb2db072d speech to text processing completed successfully
2026-03-04 13:54:07,099 | INFO | workers.stt_worker | Task created successfully with ID: 69a7f32e0ee17b811eb684dc
2026-03-04 13:54:07,333 | INFO | workers.stt_worker | Enqueued audio analysis task 69a7f32e0ee17b811eb684dc for question result 69a7f30d472d6d3eb2db072b
2026-03-04 13:54:07,335 | INFO | workers.stt_worker | New Task 69a7f30e472d6d3eb2db072d audio analysis task created successfully
2026-03-04 13:54:07,683 | INFO | workers.stt_worker | Task created successfully with ID: 69a7f32f0ee17b811eb684dd
2026-03-04 13:54:07,890 | INFO | workers.stt_worker | Enqueued audio analysis task 69a7f32f0ee17b811eb684dd for question result 69a7f30d472d6d3eb2db072b
2026-03-04 13:54:07,890 | INFO | workers.stt_worker | New Task 69a7f30e472d6d3eb2db072d video analysis task created successfully
2026-03-04 13:54:08,077 | INFO | workers.stt_worker | Task completed | task_id=69a7f30e472d6d3eb2db072d
2026-03-04 13:54:35,642 | INFO | workers.stt_worker | Task received | task_id=69a7f34b472d6d3eb2db0738
2026-03-04 13:55:17,079 | INFO | workers.stt_worker | Task 69a7f34b472d6d3eb2db0738 speech to text processing completed successfully
2026-03-04 13:55:17,333 | INFO | workers.stt_worker | Task created successfully with ID: 69a7f37598dc14ba1fdce169
2026-03-04 13:55:17,474 | INFO | workers.stt_worker | Enqueued audio analysis task 69a7f37598dc14ba1fdce169 for question result 69a7f34b472d6d3eb2db0736
2026-03-04 13:55:17,475 | INFO | workers.stt_worker | New Task 69a7f34b472d6d3eb2db0738 audio analysis task created successfully
2026-03-04 13:55:17,711 | INFO | workers.stt_worker | Task created successfully with ID: 69a7f37598dc14ba1fdce16a
2026-03-04 13:55:17,780 | INFO | workers.stt_worker | Enqueued audio analysis task 69a7f37598dc14ba1fdce16a for question result 69a7f34b472d6d3eb2db0736
2026-03-04 13:55:17,781 | INFO | workers.stt_worker | New Task 69a7f34b472d6d3eb2db0738 video analysis task created successfully
2026-03-04 13:55:17,907 | INFO | workers.stt_worker | Task completed | task_id=69a7f34b472d6d3eb2db0738
2026-03-04 13:55:54,660 | INFO | workers.stt_worker | Task received | task_id=69a7f39a472d6d3eb2db0743
2026-03-04 13:56:29,803 | INFO | workers.stt_worker | Task 69a7f39a472d6d3eb2db0743 speech to text processing completed successfully
2026-03-04 13:56:30,050 | INFO | workers.stt_worker | Task created successfully with ID: 69a7f3bd0ee17b811eb684de
2026-03-04 13:56:30,131 | INFO | workers.stt_worker | Enqueued audio analysis task 69a7f3bd0ee17b811eb684de for question result 69a7f39a472d6d3eb2db0741
2026-03-04 13:56:30,132 | INFO | workers.stt_worker | New Task 69a7f39a472d6d3eb2db0743 audio analysis task created successfully
2026-03-04 13:56:30,382 | INFO | workers.stt_worker | Task created successfully with ID: 69a7f3be0ee17b811eb684df
2026-03-04 13:56:30,455 | INFO | workers.stt_worker | Enqueued audio analysis task 69a7f3be0ee17b811eb684df for question result 69a7f39a472d6d3eb2db0741
2026-03-04 13:56:30,456 | INFO | workers.stt_worker | New Task 69a7f39a472d6d3eb2db0743 video analysis task created successfully
2026-03-04 13:56:30,574 | INFO | workers.stt_worker | Task completed | task_id=69a7f39a472d6d3eb2db0743
2026-03-04 13:56:42,143 | INFO | workers.stt_worker | Task received | task_id=69a7f3c9472d6d3eb2db074e
2026-03-04 13:57:06,194 | INFO | workers.stt_worker | Task 69a7f3c9472d6d3eb2db074e speech to text processing completed successfully
2026-03-04 13:57:06,477 | INFO | workers.stt_worker | Task created successfully with ID: 69a7f3e298dc14ba1fdce16b
2026-03-04 13:57:06,544 | INFO | workers.stt_worker | Enqueued audio analysis task 69a7f3e298dc14ba1fdce16b for question result 69a7f3c9472d6d3eb2db074c
2026-03-04 13:57:06,545 | INFO | workers.stt_worker | New Task 69a7f3c9472d6d3eb2db074e audio analysis task created successfully
2026-03-04 13:57:06,888 | INFO | workers.stt_worker | Task created successfully with ID: 69a7f3e298dc14ba1fdce16c
2026-03-04 13:57:06,956 | INFO | workers.stt_worker | Enqueued audio analysis task 69a7f3e298dc14ba1fdce16c for question result 69a7f3c9472d6d3eb2db074c
2026-03-04 13:57:06,957 | INFO | workers.stt_worker | New Task 69a7f3c9472d6d3eb2db074e video analysis task created successfully
2026-03-04 13:57:07,077 | INFO | workers.stt_worker | Task completed | task_id=69a7f3c9472d6d3eb2db074e
2026-03-04 13:57:41,679 | INFO | workers.stt_worker | Task received | task_id=69a7f405472d6d3eb2db0759
2026-03-04 13:57:59,190 | INFO | workers.stt_worker | Task 69a7f405472d6d3eb2db0759 speech to text processing completed successfully
2026-03-04 13:57:59,441 | INFO | workers.stt_worker | Task created successfully with ID: 69a7f4170ee17b811eb684e0
2026-03-04 13:57:59,516 | INFO | workers.stt_worker | Enqueued audio analysis task 69a7f4170ee17b811eb684e0 for question result 69a7f405472d6d3eb2db0757
2026-03-04 13:57:59,518 | INFO | workers.stt_worker | New Task 69a7f405472d6d3eb2db0759 audio analysis task created successfully
2026-03-04 13:57:59,771 | INFO | workers.stt_worker | Task created successfully with ID: 69a7f4170ee17b811eb684e1
2026-03-04 13:57:59,856 | INFO | workers.stt_worker | Enqueued audio analysis task 69a7f4170ee17b811eb684e1 for question result 69a7f405472d6d3eb2db0757
2026-03-04 13:57:59,857 | INFO | workers.stt_worker | New Task 69a7f405472d6d3eb2db0759 video analysis task created successfully
2026-03-04 13:57:59,995 | INFO | workers.stt_worker | Task completed | task_id=69a7f405472d6d3eb2db0759
2026-03-04 18:32:58,007 | ERROR | pika.adapters.utils.io_services_utils | Wrapped func exited with exception. Caller's stack:
Traceback (most recent call last):
  File "F:\Comsats\FYP\CODE\HireGenix-Python-Workers\venv\Lib\site-packages\pika\diagnostic_utils.py", line 53, in log_exception_func_wrap
    return func(*args, **kwargs)
  File "F:\Comsats\FYP\CODE\HireGenix-Python-Workers\venv\Lib\site-packages\pika\adapters\utils\io_services_utils.py", line 1235, in _consume
    super(_AsyncSSLTransport, self)._consume()
    ~~~~~~~~~~~~~~~~~~~~~~~~~~~~~~~~~~~~~~~~^^
  File "F:\Comsats\FYP\CODE\HireGenix-Python-Workers\venv\Lib\site-packages\pika\adapters\utils\io_services_utils.py", line 791, in _consume
    data = self._sigint_safe_recv(self._sock, self._MAX_RECV_BYTES)
  File "F:\Comsats\FYP\CODE\HireGenix-Python-Workers\venv\Lib\site-packages\pika\adapters\utils\io_services_utils.py", line 79, in retry_sigint_wrap
    return func(*args, **kwargs)
  File "F:\Comsats\FYP\CODE\HireGenix-Python-Workers\venv\Lib\site-packages\pika\adapters\utils\io_services_utils.py", line 846, in _sigint_safe_recv
    return sock.recv(max_bytes)
           ~~~~~~~~~^^^^^^^^^^^
  File "C:\Users\Admin\AppData\Local\Programs\Python\Python313\Lib\ssl.py", line 1285, in recv
    return self.read(buflen)
           ~~~~~~~~~^^^^^^^^
  File "C:\Users\Admin\AppData\Local\Programs\Python\Python313\Lib\ssl.py", line 1140, in read
    return self._sslobj.read(len)
           ~~~~~~~~~~~~~~~~~^^^^^
ConnectionResetError: [WinError 10054] An existing connection was forcibly closed by the remote host
Traceback (most recent call last):
  File "F:\Comsats\FYP\CODE\HireGenix-Python-Workers\venv\Lib\site-packages\pika\diagnostic_utils.py", line 53, in log_exception_func_wrap
    return func(*args, **kwargs)
  File "F:\Comsats\FYP\CODE\HireGenix-Python-Workers\venv\Lib\site-packages\pika\adapters\utils\io_services_utils.py", line 1235, in _consume
    super(_AsyncSSLTransport, self)._consume()
    ~~~~~~~~~~~~~~~~~~~~~~~~~~~~~~~~~~~~~~~~^^
  File "F:\Comsats\FYP\CODE\HireGenix-Python-Workers\venv\Lib\site-packages\pika\adapters\utils\io_services_utils.py", line 791, in _consume
    data = self._sigint_safe_recv(self._sock, self._MAX_RECV_BYTES)
  File "F:\Comsats\FYP\CODE\HireGenix-Python-Workers\venv\Lib\site-packages\pika\adapters\utils\io_services_utils.py", line 79, in retry_sigint_wrap
    return func(*args, **kwargs)
  File "F:\Comsats\FYP\CODE\HireGenix-Python-Workers\venv\Lib\site-packages\pika\adapters\utils\io_services_utils.py", line 846, in _sigint_safe_recv
    return sock.recv(max_bytes)
           ~~~~~~~~~^^^^^^^^^^^
  File "C:\Users\Admin\AppData\Local\Programs\Python\Python313\Lib\ssl.py", line 1285, in recv
    return self.read(buflen)
           ~~~~~~~~~^^^^^^^^
  File "C:\Users\Admin\AppData\Local\Programs\Python\Python313\Lib\ssl.py", line 1140, in read
    return self._sslobj.read(len)
           ~~~~~~~~~~~~~~~~~^^^^^
ConnectionResetError: [WinError 10054] An existing connection was forcibly closed by the remote host
2026-03-04 18:32:58,051 | INFO | pika.adapters.utils.io_services_utils | _AsyncTransportBase._initate_abort(): Initiating abrupt asynchronous transport shutdown: state=1; error=ConnectionResetError(10054, 'An existing connection was forcibly closed by the remote host', None, 10054, None); <ssl.SSLSocket fd=1372, family=2, type=1, proto=0, laddr=('192.168.100.7', 52987), raddr=('15.206.140.228', 5671)>
2026-03-04 18:32:58,085 | INFO | pika.adapters.utils.io_services_utils | Deactivating transport: state=1; <ssl.SSLSocket fd=1372, family=2, type=1, proto=0, laddr=('192.168.100.7', 52987), raddr=('15.206.140.228', 5671)>
2026-03-04 18:32:58,135 | ERROR | pika.adapters.base_connection | connection_lost: StreamLostError: ("Stream connection lost: ConnectionResetError(10054, 'An existing connection was forcibly closed by the remote host', None, 10054, None)",)
2026-03-04 18:32:58,196 | INFO | pika.connection | AMQP stack terminated, failed to connect, or aborted: opened=True, error-arg=StreamLostError: ("Stream connection lost: ConnectionResetError(10054, 'An existing connection was forcibly closed by the remote host', None, 10054, None)",); pending-error=None
2026-03-04 18:32:58,284 | INFO | pika.connection | Stack terminated due to StreamLostError: ("Stream connection lost: ConnectionResetError(10054, 'An existing connection was forcibly closed by the remote host', None, 10054, None)",)
2026-03-04 18:32:58,349 | INFO | pika.adapters.utils.io_services_utils | Closing transport socket and unlinking: state=2; <ssl.SSLSocket fd=1372, family=2, type=1, proto=0, laddr=('192.168.100.7', 52987), raddr=('15.206.140.228', 5671)>
2026-03-04 18:32:58,364 | ERROR | pika.adapters.blocking_connection | Unexpected connection close detected: StreamLostError: ("Stream connection lost: ConnectionResetError(10054, 'An existing connection was forcibly closed by the remote host', None, 10054, None)",)
2026-03-04 18:32:58,552 | ERROR | pika.adapters.utils.io_services_utils | Wrapped func exited with exception. Caller's stack:
Traceback (most recent call last):
  File "F:\Comsats\FYP\CODE\HireGenix-Python-Workers\venv\Lib\site-packages\pika\diagnostic_utils.py", line 53, in log_exception_func_wrap
    return func(*args, **kwargs)
  File "F:\Comsats\FYP\CODE\HireGenix-Python-Workers\venv\Lib\site-packages\pika\adapters\utils\io_services_utils.py", line 1235, in _consume
    super(_AsyncSSLTransport, self)._consume()
    ~~~~~~~~~~~~~~~~~~~~~~~~~~~~~~~~~~~~~~~~^^
  File "F:\Comsats\FYP\CODE\HireGenix-Python-Workers\venv\Lib\site-packages\pika\adapters\utils\io_services_utils.py", line 791, in _consume
    data = self._sigint_safe_recv(self._sock, self._MAX_RECV_BYTES)
  File "F:\Comsats\FYP\CODE\HireGenix-Python-Workers\venv\Lib\site-packages\pika\adapters\utils\io_services_utils.py", line 79, in retry_sigint_wrap
    return func(*args, **kwargs)
  File "F:\Comsats\FYP\CODE\HireGenix-Python-Workers\venv\Lib\site-packages\pika\adapters\utils\io_services_utils.py", line 846, in _sigint_safe_recv
    return sock.recv(max_bytes)
           ~~~~~~~~~^^^^^^^^^^^
  File "C:\Users\Admin\AppData\Local\Programs\Python\Python313\Lib\ssl.py", line 1285, in recv
    return self.read(buflen)
           ~~~~~~~~~^^^^^^^^
  File "C:\Users\Admin\AppData\Local\Programs\Python\Python313\Lib\ssl.py", line 1140, in read
    return self._sslobj.read(len)
           ~~~~~~~~~~~~~~~~~^^^^^
ConnectionResetError: [WinError 10054] An existing connection was forcibly closed by the remote host
Traceback (most recent call last):
  File "F:\Comsats\FYP\CODE\HireGenix-Python-Workers\venv\Lib\site-packages\pika\diagnostic_utils.py", line 53, in log_exception_func_wrap
    return func(*args, **kwargs)
  File "F:\Comsats\FYP\CODE\HireGenix-Python-Workers\venv\Lib\site-packages\pika\adapters\utils\io_services_utils.py", line 1235, in _consume
    super(_AsyncSSLTransport, self)._consume()
    ~~~~~~~~~~~~~~~~~~~~~~~~~~~~~~~~~~~~~~~~^^
  File "F:\Comsats\FYP\CODE\HireGenix-Python-Workers\venv\Lib\site-packages\pika\adapters\utils\io_services_utils.py", line 791, in _consume
    data = self._sigint_safe_recv(self._sock, self._MAX_RECV_BYTES)
  File "F:\Comsats\FYP\CODE\HireGenix-Python-Workers\venv\Lib\site-packages\pika\adapters\utils\io_services_utils.py", line 79, in retry_sigint_wrap
    return func(*args, **kwargs)
  File "F:\Comsats\FYP\CODE\HireGenix-Python-Workers\venv\Lib\site-packages\pika\adapters\utils\io_services_utils.py", line 846, in _sigint_safe_recv
    return sock.recv(max_bytes)
           ~~~~~~~~~^^^^^^^^^^^
  File "C:\Users\Admin\AppData\Local\Programs\Python\Python313\Lib\ssl.py", line 1285, in recv
    return self.read(buflen)
           ~~~~~~~~~^^^^^^^^
  File "C:\Users\Admin\AppData\Local\Programs\Python\Python313\Lib\ssl.py", line 1140, in read
    return self._sslobj.read(len)
           ~~~~~~~~~~~~~~~~~^^^^^
ConnectionResetError: [WinError 10054] An existing connection was forcibly closed by the remote host
2026-03-04 18:32:58,604 | INFO | pika.adapters.utils.io_services_utils | _AsyncTransportBase._initate_abort(): Initiating abrupt asynchronous transport shutdown: state=1; error=ConnectionResetError(10054, 'An existing connection was forcibly closed by the remote host', None, 10054, None); <ssl.SSLSocket fd=884, family=2, type=1, proto=0, laddr=('192.168.100.7', 50905), raddr=('15.206.140.228', 5671)>
2026-03-04 18:32:58,613 | INFO | pika.adapters.utils.io_services_utils | Deactivating transport: state=1; <ssl.SSLSocket fd=884, family=2, type=1, proto=0, laddr=('192.168.100.7', 50905), raddr=('15.206.140.228', 5671)>
2026-03-04 18:32:58,617 | ERROR | pika.adapters.base_connection | connection_lost: StreamLostError: ("Stream connection lost: ConnectionResetError(10054, 'An existing connection was forcibly closed by the remote host', None, 10054, None)",)
2026-03-04 18:32:58,651 | INFO | pika.connection | AMQP stack terminated, failed to connect, or aborted: opened=True, error-arg=StreamLostError: ("Stream connection lost: ConnectionResetError(10054, 'An existing connection was forcibly closed by the remote host', None, 10054, None)",); pending-error=None
2026-03-04 18:32:58,673 | INFO | pika.connection | Stack terminated due to StreamLostError: ("Stream connection lost: ConnectionResetError(10054, 'An existing connection was forcibly closed by the remote host', None, 10054, None)",)
2026-03-04 18:32:58,694 | INFO | pika.adapters.utils.io_services_utils | Closing transport socket and unlinking: state=2; <ssl.SSLSocket fd=884, family=2, type=1, proto=0, laddr=('192.168.100.7', 50905), raddr=('15.206.140.228', 5671)>
2026-03-04 18:32:58,748 | ERROR | pika.adapters.blocking_connection | Unexpected connection close detected: StreamLostError: ("Stream connection lost: ConnectionResetError(10054, 'An existing connection was forcibly closed by the remote host', None, 10054, None)",)
2026-03-31 13:06:08,729 | INFO | pika.adapters.utils.connection_workflow | Pika version 1.3.2 connecting to ('15.206.140.228', 5671)
2026-03-31 13:06:08,801 | INFO | pika.adapters.utils.io_services_utils | Socket connected: <socket.socket fd=1356, family=2, type=1, proto=6, laddr=('192.168.100.7', 50680), raddr=('15.206.140.228', 5671)>
2026-03-31 13:06:08,882 | INFO | pika.adapters.utils.io_services_utils | SSL handshake completed successfully: <ssl.SSLSocket fd=1356, family=2, type=1, proto=0, laddr=('192.168.100.7', 50680), raddr=('15.206.140.228', 5671)>
2026-03-31 13:06:08,882 | INFO | pika.adapters.utils.connection_workflow | Streaming transport linked up: (<pika.adapters.utils.io_services_utils._AsyncSSLTransport object at 0x00000281F5E67150>, _StreamingProtocolShim: <SelectConnection PROTOCOL transport=<pika.adapters.utils.io_services_utils._AsyncSSLTransport object at 0x00000281F5E67150> params=<URLParameters host=puffin.rmq2.cloudamqp.com port=5671 virtual_host=gfhwdutw ssl=True>>).
2026-03-31 13:06:09,095 | INFO | pika.adapters.utils.connection_workflow | AMQPConnector - reporting success: <SelectConnection OPEN transport=<pika.adapters.utils.io_services_utils._AsyncSSLTransport object at 0x00000281F5E67150> params=<URLParameters host=puffin.rmq2.cloudamqp.com port=5671 virtual_host=gfhwdutw ssl=True>>
2026-03-31 13:06:09,095 | INFO | pika.adapters.utils.connection_workflow | AMQPConnectionWorkflow - reporting success: <SelectConnection OPEN transport=<pika.adapters.utils.io_services_utils._AsyncSSLTransport object at 0x00000281F5E67150> params=<URLParameters host=puffin.rmq2.cloudamqp.com port=5671 virtual_host=gfhwdutw ssl=True>>
2026-03-31 13:06:09,095 | INFO | pika.adapters.blocking_connection | Connection workflow succeeded: <SelectConnection OPEN transport=<pika.adapters.utils.io_services_utils._AsyncSSLTransport object at 0x00000281F5E67150> params=<URLParameters host=puffin.rmq2.cloudamqp.com port=5671 virtual_host=gfhwdutw ssl=True>>
2026-03-31 13:06:09,095 | INFO | pika.adapters.blocking_connection | Created channel=1
2026-03-31 13:06:11,044 | INFO | workers.stt_worker | Worker started and waiting for speech to text jobs...
2026-03-31 13:06:11,044 | INFO | workers.stt_worker | Task received | task_id=69b6579320f6283027e76a13
2026-03-31 13:06:11,940 | WARNING | workers.stt_worker | Task not found | task_id=69b6579320f6283027e76a13
2026-03-31 13:06:12,011 | INFO | workers.stt_worker | Task received | task_id=69c2b138142599349a030415
2026-03-31 13:06:23,333 | INFO | httpx | HTTP Request: POST https://api.assemblyai.com/v2/transcript "HTTP/1.1 200 OK"
2026-03-31 13:06:23,673 | INFO | httpx | HTTP Request: GET https://api.assemblyai.com/v2/transcript/4fe63c43-25c3-4fa5-9c80-72af6b1e22fc "HTTP/1.1 200 OK"
2026-03-31 13:06:27,062 | INFO | httpx | HTTP Request: GET https://api.assemblyai.com/v2/transcript/4fe63c43-25c3-4fa5-9c80-72af6b1e22fc "HTTP/1.1 200 OK"
2026-03-31 13:06:30,401 | INFO | httpx | HTTP Request: GET https://api.assemblyai.com/v2/transcript/4fe63c43-25c3-4fa5-9c80-72af6b1e22fc "HTTP/1.1 200 OK"
2026-03-31 13:06:30,530 | INFO | workers.stt_worker | Task 69c2b138142599349a030415 speech to text processing completed successfully
2026-03-31 13:06:30,796 | INFO | workers.stt_worker | Task created successfully with ID: 69cb80865d2f8b4b586858d5
2026-03-31 13:06:30,863 | INFO | workers.stt_worker | Enqueued audio analysis task 69cb80865d2f8b4b586858d5 for question result 69c2b138142599349a030413
2026-03-31 13:06:30,863 | INFO | workers.stt_worker | New Task 69c2b138142599349a030415 audio analysis task created successfully
2026-03-31 13:06:31,096 | INFO | workers.stt_worker | Task created successfully with ID: 69cb80865d2f8b4b586858d6
2026-03-31 13:06:31,159 | INFO | workers.stt_worker | Enqueued audio analysis task 69cb80865d2f8b4b586858d6 for question result 69c2b138142599349a030413
2026-03-31 13:06:31,159 | INFO | workers.stt_worker | New Task 69c2b138142599349a030415 video analysis task created successfully
2026-03-31 13:06:31,290 | INFO | workers.stt_worker | Task completed | task_id=69c2b138142599349a030415
2026-03-31 13:08:29,022 | INFO | workers.stt_worker | Worker stopped manually
2026-03-31 13:08:29,111 | INFO | pika.adapters.blocking_connection | Closing connection (200): Normal shutdown
2026-03-31 13:08:29,112 | INFO | pika.channel | Closing channel (200): 'Normal shutdown' on <Channel number=1 OPEN conn=<SelectConnection OPEN transport=<pika.adapters.utils.io_services_utils._AsyncSSLTransport object at 0x00000281F5E67150> params=<URLParameters host=puffin.rmq2.cloudamqp.com port=5671 virtual_host=gfhwdutw ssl=True>>>
2026-04-01 16:56:18,718 | INFO | pika.adapters.utils.connection_workflow | Pika version 1.3.2 connecting to ('15.206.140.228', 5671)
2026-04-01 16:56:18,792 | INFO | pika.adapters.utils.io_services_utils | Socket connected: <socket.socket fd=1552, family=2, type=1, proto=6, laddr=('192.168.100.7', 53515), raddr=('15.206.140.228', 5671)>
2026-04-01 16:56:18,882 | INFO | pika.adapters.utils.io_services_utils | SSL handshake completed successfully: <ssl.SSLSocket fd=1552, family=2, type=1, proto=0, laddr=('192.168.100.7', 53515), raddr=('15.206.140.228', 5671)>
2026-04-01 16:56:18,883 | INFO | pika.adapters.utils.connection_workflow | Streaming transport linked up: (<pika.adapters.utils.io_services_utils._AsyncSSLTransport object at 0x00000280FF3F3690>, _StreamingProtocolShim: <SelectConnection PROTOCOL transport=<pika.adapters.utils.io_services_utils._AsyncSSLTransport object at 0x00000280FF3F3690> params=<URLParameters host=puffin.rmq2.cloudamqp.com port=5671 virtual_host=gfhwdutw ssl=True>>).
2026-04-01 16:56:19,115 | INFO | pika.adapters.utils.connection_workflow | AMQPConnector - reporting success: <SelectConnection OPEN transport=<pika.adapters.utils.io_services_utils._AsyncSSLTransport object at 0x00000280FF3F3690> params=<URLParameters host=puffin.rmq2.cloudamqp.com port=5671 virtual_host=gfhwdutw ssl=True>>
2026-04-01 16:56:19,115 | INFO | pika.adapters.utils.connection_workflow | AMQPConnectionWorkflow - reporting success: <SelectConnection OPEN transport=<pika.adapters.utils.io_services_utils._AsyncSSLTransport object at 0x00000280FF3F3690> params=<URLParameters host=puffin.rmq2.cloudamqp.com port=5671 virtual_host=gfhwdutw ssl=True>>
2026-04-01 16:56:19,116 | INFO | pika.adapters.blocking_connection | Connection workflow succeeded: <SelectConnection OPEN transport=<pika.adapters.utils.io_services_utils._AsyncSSLTransport object at 0x00000280FF3F3690> params=<URLParameters host=puffin.rmq2.cloudamqp.com port=5671 virtual_host=gfhwdutw ssl=True>>
2026-04-01 16:56:19,116 | INFO | pika.adapters.blocking_connection | Created channel=1
2026-04-01 16:56:22,121 | INFO | __main__ | Worker started and waiting for speech to text jobs...
2026-04-01 16:56:22,121 | INFO | __main__ | Task received | task_id=69cd073299585ba3e0d83bbb
2026-04-01 16:56:22,887 | INFO | __main__ | Task fetched | task_id=69cd073299585ba3e0d83bbb | user_id=698ba20ef6c33be1cee19c8f
2026-04-01 16:56:22,888 | ERROR | __main__ | Task crashed | task_id=69cd073299585ba3e0d83bbb
Traceback (most recent call last):
  File "F:\Comsats\FYP\CODE\HireGenix-Python-Workers\workers\stt_worker.py", line 131, in callback
    raise Exception("Testing  retry mechanism")
Exception: Testing  retry mechanism
2026-04-01 16:56:23,017 | INFO | __main__ | Moving to Waiting Room (10s delay) | retry=1
2026-04-01 16:56:23,264 | INFO | __main__ | Task received | task_id=69cd078b99585ba3e0d83bcd
2026-04-01 16:56:23,386 | INFO | __main__ | Task fetched | task_id=69cd078b99585ba3e0d83bcd | user_id=698ba20ef6c33be1cee19c8f
2026-04-01 16:56:23,387 | ERROR | __main__ | Task crashed | task_id=69cd078b99585ba3e0d83bcd
Traceback (most recent call last):
  File "F:\Comsats\FYP\CODE\HireGenix-Python-Workers\workers\stt_worker.py", line 131, in callback
    raise Exception("Testing  retry mechanism")
Exception: Testing  retry mechanism
2026-04-01 16:56:23,518 | INFO | __main__ | Moving to Waiting Room (10s delay) | retry=1
2026-04-01 16:56:33,554 | INFO | __main__ | Task received | task_id=69cd073299585ba3e0d83bbb
2026-04-01 16:56:34,068 | INFO | __main__ | Task fetched | task_id=69cd073299585ba3e0d83bbb | user_id=698ba20ef6c33be1cee19c8f
2026-04-01 16:56:34,069 | ERROR | __main__ | Task crashed | task_id=69cd073299585ba3e0d83bbb
Traceback (most recent call last):
  File "F:\Comsats\FYP\CODE\HireGenix-Python-Workers\workers\stt_worker.py", line 131, in callback
    raise Exception("Testing  retry mechanism")
Exception: Testing  retry mechanism
2026-04-01 16:56:34,243 | INFO | __main__ | Moving to Waiting Room (10s delay) | retry=2
2026-04-01 16:56:34,591 | INFO | __main__ | Task received | task_id=69cd078b99585ba3e0d83bcd
2026-04-01 16:56:34,708 | INFO | __main__ | Task fetched | task_id=69cd078b99585ba3e0d83bcd | user_id=698ba20ef6c33be1cee19c8f
2026-04-01 16:56:34,708 | ERROR | __main__ | Task crashed | task_id=69cd078b99585ba3e0d83bcd
Traceback (most recent call last):
  File "F:\Comsats\FYP\CODE\HireGenix-Python-Workers\workers\stt_worker.py", line 131, in callback
    raise Exception("Testing  retry mechanism")
Exception: Testing  retry mechanism
2026-04-01 16:56:34,832 | INFO | __main__ | Moving to Waiting Room (10s delay) | retry=2
2026-04-01 16:56:40,042 | INFO | __main__ | Worker stopped manually
2026-04-01 16:56:40,130 | INFO | pika.adapters.blocking_connection | Closing connection (200): Normal shutdown
2026-04-01 16:56:40,130 | INFO | pika.channel | Closing channel (200): 'Normal shutdown' on <Channel number=1 OPEN conn=<SelectConnection OPEN transport=<pika.adapters.utils.io_services_utils._AsyncSSLTransport object at 0x00000280FF3F3690> params=<URLParameters host=puffin.rmq2.cloudamqp.com port=5671 virtual_host=gfhwdutw ssl=True>>>
2026-04-01 16:57:17,007 | INFO | pika.adapters.utils.connection_workflow | Pika version 1.3.2 connecting to ('15.206.140.228', 5671)
2026-04-01 16:57:17,076 | INFO | pika.adapters.utils.io_services_utils | Socket connected: <socket.socket fd=1384, family=2, type=1, proto=6, laddr=('192.168.100.7', 63964), raddr=('15.206.140.228', 5671)>
2026-04-01 16:57:17,143 | INFO | pika.adapters.utils.io_services_utils | SSL handshake completed successfully: <ssl.SSLSocket fd=1384, family=2, type=1, proto=0, laddr=('192.168.100.7', 63964), raddr=('15.206.140.228', 5671)>
2026-04-01 16:57:17,143 | INFO | pika.adapters.utils.connection_workflow | Streaming transport linked up: (<pika.adapters.utils.io_services_utils._AsyncSSLTransport object at 0x000001A1D4B23590>, _StreamingProtocolShim: <SelectConnection PROTOCOL transport=<pika.adapters.utils.io_services_utils._AsyncSSLTransport object at 0x000001A1D4B23590> params=<URLParameters host=puffin.rmq2.cloudamqp.com port=5671 virtual_host=gfhwdutw ssl=True>>).
2026-04-01 16:57:17,350 | INFO | pika.adapters.utils.connection_workflow | AMQPConnector - reporting success: <SelectConnection OPEN transport=<pika.adapters.utils.io_services_utils._AsyncSSLTransport object at 0x000001A1D4B23590> params=<URLParameters host=puffin.rmq2.cloudamqp.com port=5671 virtual_host=gfhwdutw ssl=True>>
2026-04-01 16:57:17,350 | INFO | pika.adapters.utils.connection_workflow | AMQPConnectionWorkflow - reporting success: <SelectConnection OPEN transport=<pika.adapters.utils.io_services_utils._AsyncSSLTransport object at 0x000001A1D4B23590> params=<URLParameters host=puffin.rmq2.cloudamqp.com port=5671 virtual_host=gfhwdutw ssl=True>>
2026-04-01 16:57:17,350 | INFO | pika.adapters.blocking_connection | Connection workflow succeeded: <SelectConnection OPEN transport=<pika.adapters.utils.io_services_utils._AsyncSSLTransport object at 0x000001A1D4B23590> params=<URLParameters host=puffin.rmq2.cloudamqp.com port=5671 virtual_host=gfhwdutw ssl=True>>
2026-04-01 16:57:17,350 | INFO | pika.adapters.blocking_connection | Created channel=1
2026-04-01 16:57:20,474 | INFO | __main__ | Worker started and waiting for speech to text jobs...
2026-04-01 16:57:20,474 | INFO | __main__ | Task received | task_id=69cd073299585ba3e0d83bbb
2026-04-01 16:57:21,563 | INFO | __main__ | Task fetched | task_id=69cd073299585ba3e0d83bbb | user_id=698ba20ef6c33be1cee19c8f
2026-04-01 16:57:46,843 | INFO | httpx | HTTP Request: POST https://api.assemblyai.com/v2/transcript "HTTP/1.1 200 OK"
2026-04-01 16:57:47,186 | INFO | httpx | HTTP Request: GET https://api.assemblyai.com/v2/transcript/9f2ee813-f458-4181-9f18-397b3fb00697 "HTTP/1.1 200 OK"
2026-04-01 16:57:50,565 | INFO | httpx | HTTP Request: GET https://api.assemblyai.com/v2/transcript/9f2ee813-f458-4181-9f18-397b3fb00697 "HTTP/1.1 200 OK"
2026-04-01 16:57:53,933 | INFO | httpx | HTTP Request: GET https://api.assemblyai.com/v2/transcript/9f2ee813-f458-4181-9f18-397b3fb00697 "HTTP/1.1 200 OK"
2026-04-01 16:57:57,410 | INFO | httpx | HTTP Request: GET https://api.assemblyai.com/v2/transcript/9f2ee813-f458-4181-9f18-397b3fb00697 "HTTP/1.1 200 OK"
2026-04-01 16:57:57,964 | INFO | __main__ | Task 69cd073299585ba3e0d83bbb speech to text processing completed successfully
2026-04-01 16:57:58,353 | INFO | __main__ | Task created successfully with ID: 69cd0846ba29f88fdc9841b7
2026-04-01 16:57:58,470 | INFO | __main__ | Enqueued audio analysis task 69cd0846ba29f88fdc9841b7 for question result 69cd073199585ba3e0d83bb9
2026-04-01 16:57:58,471 | INFO | __main__ | New Task 69cd073299585ba3e0d83bbb audio analysis task created successfully
2026-04-01 16:57:58,821 | INFO | __main__ | Task created successfully with ID: 69cd0846ba29f88fdc9841b8
2026-04-01 16:57:58,885 | INFO | __main__ | Enqueued audio analysis task 69cd0846ba29f88fdc9841b8 for question result 69cd073199585ba3e0d83bb9
2026-04-01 16:57:58,885 | INFO | __main__ | New Task 69cd073299585ba3e0d83bbb video analysis task created successfully
2026-04-01 16:57:59,039 | INFO | __main__ | Task completed | task_id=69cd073299585ba3e0d83bbb
2026-04-01 16:57:59,118 | INFO | __main__ | Task received | task_id=69cd078b99585ba3e0d83bcd
2026-04-01 16:57:59,282 | INFO | __main__ | Task fetched | task_id=69cd078b99585ba3e0d83bcd | user_id=698ba20ef6c33be1cee19c8f
2026-04-01 16:58:30,275 | INFO | httpx | HTTP Request: POST https://api.assemblyai.com/v2/transcript "HTTP/1.1 200 OK"
2026-04-01 16:58:30,688 | INFO | httpx | HTTP Request: GET https://api.assemblyai.com/v2/transcript/83fed5fc-269f-4af4-b9ac-19854436d11a "HTTP/1.1 200 OK"
2026-04-01 16:58:34,027 | INFO | httpx | HTTP Request: GET https://api.assemblyai.com/v2/transcript/83fed5fc-269f-4af4-b9ac-19854436d11a "HTTP/1.1 200 OK"
2026-04-01 16:58:37,361 | INFO | httpx | HTTP Request: GET https://api.assemblyai.com/v2/transcript/83fed5fc-269f-4af4-b9ac-19854436d11a "HTTP/1.1 200 OK"
2026-04-01 16:58:40,684 | INFO | httpx | HTTP Request: GET https://api.assemblyai.com/v2/transcript/83fed5fc-269f-4af4-b9ac-19854436d11a "HTTP/1.1 200 OK"
2026-04-01 16:58:44,007 | INFO | httpx | HTTP Request: GET https://api.assemblyai.com/v2/transcript/83fed5fc-269f-4af4-b9ac-19854436d11a "HTTP/1.1 200 OK"
2026-04-01 16:58:47,675 | INFO | httpx | HTTP Request: GET https://api.assemblyai.com/v2/transcript/83fed5fc-269f-4af4-b9ac-19854436d11a "HTTP/1.1 200 OK"
2026-04-01 16:58:47,808 | INFO | __main__ | Task 69cd078b99585ba3e0d83bcd speech to text processing completed successfully
2026-04-01 16:58:48,051 | INFO | __main__ | Task created successfully with ID: 69cd0877ba29f88fdc9841b9
2026-04-01 16:58:48,112 | INFO | __main__ | Enqueued audio analysis task 69cd0877ba29f88fdc9841b9 for question result 69cd078b99585ba3e0d83bcb
2026-04-01 16:58:48,112 | INFO | __main__ | New Task 69cd078b99585ba3e0d83bcd audio analysis task created successfully
2026-04-01 16:58:48,361 | INFO | __main__ | Task created successfully with ID: 69cd0878ba29f88fdc9841ba
2026-04-01 16:58:48,426 | INFO | __main__ | Enqueued audio analysis task 69cd0878ba29f88fdc9841ba for question result 69cd078b99585ba3e0d83bcb
2026-04-01 16:58:48,426 | INFO | __main__ | New Task 69cd078b99585ba3e0d83bcd video analysis task created successfully
2026-04-01 16:58:48,546 | INFO | __main__ | Task completed | task_id=69cd078b99585ba3e0d83bcd
2026-04-01 16:58:58,558 | INFO | __main__ | Worker stopped manually
2026-04-01 16:58:58,636 | INFO | pika.adapters.blocking_connection | Closing connection (200): Normal shutdown
2026-04-01 16:58:58,636 | INFO | pika.channel | Closing channel (200): 'Normal shutdown' on <Channel number=1 OPEN conn=<SelectConnection OPEN transport=<pika.adapters.utils.io_services_utils._AsyncSSLTransport object at 0x000001A1D4B23590> params=<URLParameters host=puffin.rmq2.cloudamqp.com port=5671 virtual_host=gfhwdutw ssl=True>>>
2026-04-06 11:52:56,194 | INFO | pika.adapters.utils.connection_workflow | Pika version 1.3.2 connecting to ('15.206.140.228', 5671)
2026-04-06 11:52:56,262 | INFO | pika.adapters.utils.io_services_utils | Socket connected: <socket.socket fd=1612, family=2, type=1, proto=6, laddr=('192.168.100.7', 54735), raddr=('15.206.140.228', 5671)>
2026-04-06 11:52:56,333 | INFO | pika.adapters.utils.io_services_utils | SSL handshake completed successfully: <ssl.SSLSocket fd=1612, family=2, type=1, proto=0, laddr=('192.168.100.7', 54735), raddr=('15.206.140.228', 5671)>
2026-04-06 11:52:56,334 | INFO | pika.adapters.utils.connection_workflow | Streaming transport linked up: (<pika.adapters.utils.io_services_utils._AsyncSSLTransport object at 0x000001F87FD73090>, _StreamingProtocolShim: <SelectConnection PROTOCOL transport=<pika.adapters.utils.io_services_utils._AsyncSSLTransport object at 0x000001F87FD73090> params=<URLParameters host=puffin.rmq2.cloudamqp.com port=5671 virtual_host=gfhwdutw ssl=True>>).
2026-04-06 11:52:56,579 | INFO | pika.adapters.utils.connection_workflow | AMQPConnector - reporting success: <SelectConnection OPEN transport=<pika.adapters.utils.io_services_utils._AsyncSSLTransport object at 0x000001F87FD73090> params=<URLParameters host=puffin.rmq2.cloudamqp.com port=5671 virtual_host=gfhwdutw ssl=True>>
2026-04-06 11:52:56,579 | INFO | pika.adapters.utils.connection_workflow | AMQPConnectionWorkflow - reporting success: <SelectConnection OPEN transport=<pika.adapters.utils.io_services_utils._AsyncSSLTransport object at 0x000001F87FD73090> params=<URLParameters host=puffin.rmq2.cloudamqp.com port=5671 virtual_host=gfhwdutw ssl=True>>
2026-04-06 11:52:56,580 | INFO | pika.adapters.blocking_connection | Connection workflow succeeded: <SelectConnection OPEN transport=<pika.adapters.utils.io_services_utils._AsyncSSLTransport object at 0x000001F87FD73090> params=<URLParameters host=puffin.rmq2.cloudamqp.com port=5671 virtual_host=gfhwdutw ssl=True>>
2026-04-06 11:52:56,581 | INFO | pika.adapters.blocking_connection | Created channel=1
2026-04-06 11:53:00,066 | INFO | __main__ | Worker started and waiting for speech to text jobs...
2026-04-06 11:53:00,066 | INFO | __main__ | Task received | task_id=69d35804cef479a44a7c989f
2026-04-06 11:53:00,964 | INFO | __main__ | Task fetched | task_id=69d35804cef479a44a7c989f | user_id=698ba20ef6c33be1cee19c8f
2026-04-06 11:54:40,494 | INFO | httpx | HTTP Request: POST https://api.assemblyai.com/v2/transcript "HTTP/1.1 200 OK"
2026-04-06 11:54:40,849 | INFO | httpx | HTTP Request: GET https://api.assemblyai.com/v2/transcript/7056712c-3b96-43e1-9cea-93fd1b77766e "HTTP/1.1 200 OK"
2026-04-06 11:54:44,159 | INFO | httpx | HTTP Request: GET https://api.assemblyai.com/v2/transcript/7056712c-3b96-43e1-9cea-93fd1b77766e "HTTP/1.1 200 OK"
2026-04-06 11:54:44,327 | INFO | __main__ | Task 69d35804cef479a44a7c989f speech to text processing completed successfully
2026-04-06 11:54:44,644 | INFO | __main__ | Task created successfully with ID: 69d358b4df4f85abbd9d19dd
2026-04-06 11:54:44,758 | INFO | __main__ | Enqueued audio analysis task 69d358b4df4f85abbd9d19dd for question result 69d35803cef479a44a7c989d
2026-04-06 11:54:44,758 | INFO | __main__ | New Task 69d35804cef479a44a7c989f audio analysis task created successfully
2026-04-06 11:54:45,074 | INFO | __main__ | Task created successfully with ID: 69d358b4df4f85abbd9d19de
2026-04-06 11:54:45,209 | INFO | __main__ | Enqueued video analysis task 69d358b4df4f85abbd9d19de for question result 69d35803cef479a44a7c989d
2026-04-06 11:54:45,209 | INFO | __main__ | New Task 69d35804cef479a44a7c989f video analysis task created successfully
2026-04-06 11:54:45,371 | INFO | __main__ | Task completed | task_id=69d35804cef479a44a7c989f
2026-04-06 11:54:45,490 | INFO | __main__ | Task received | task_id=69d35882cef479a44a7c98c0
2026-04-06 11:54:45,657 | INFO | __main__ | Task fetched | task_id=69d35882cef479a44a7c98c0 | user_id=698ba20ef6c33be1cee19c8f
2026-04-06 11:56:21,496 | INFO | httpx | HTTP Request: POST https://api.assemblyai.com/v2/transcript "HTTP/1.1 200 OK"
2026-04-06 11:56:21,867 | INFO | httpx | HTTP Request: GET https://api.assemblyai.com/v2/transcript/7698ded7-7cdf-4148-b87c-0f6431bd4cde "HTTP/1.1 200 OK"
2026-04-06 11:56:25,555 | INFO | httpx | HTTP Request: GET https://api.assemblyai.com/v2/transcript/7698ded7-7cdf-4148-b87c-0f6431bd4cde "HTTP/1.1 200 OK"
2026-04-06 11:56:25,687 | INFO | __main__ | Task 69d35882cef479a44a7c98c0 speech to text processing completed successfully
2026-04-06 11:56:25,932 | INFO | __main__ | Task created successfully with ID: 69d35919df4f85abbd9d19df
2026-04-06 11:56:26,009 | INFO | __main__ | Enqueued audio analysis task 69d35919df4f85abbd9d19df for question result 69d35882cef479a44a7c98be
2026-04-06 11:56:26,009 | INFO | __main__ | New Task 69d35882cef479a44a7c98c0 audio analysis task created successfully
2026-04-06 11:56:26,246 | INFO | __main__ | Task created successfully with ID: 69d3591adf4f85abbd9d19e0
2026-04-06 11:56:26,316 | INFO | __main__ | Enqueued video analysis task 69d3591adf4f85abbd9d19e0 for question result 69d35882cef479a44a7c98be
2026-04-06 11:56:26,316 | INFO | __main__ | New Task 69d35882cef479a44a7c98c0 video analysis task created successfully
2026-04-06 11:56:26,439 | INFO | __main__ | Task completed | task_id=69d35882cef479a44a7c98c0
2026-04-06 12:18:40,663 | INFO | pika.heartbeat | Connection is idle, 1 stale byte intervals
2026-04-06 12:18:40,665 | INFO | pika.adapters.utils.io_services_utils | Aborting transport connection: state=1; <ssl.SSLSocket fd=1612, family=2, type=1, proto=0, laddr=('192.168.100.7', 54735), raddr=('15.206.140.228', 5671)>
2026-04-06 12:18:40,672 | INFO | pika.adapters.utils.io_services_utils | _AsyncTransportBase._initate_abort(): Initiating abrupt asynchronous transport shutdown: state=1; error=None; <ssl.SSLSocket fd=1612, family=2, type=1, proto=0, laddr=('192.168.100.7', 54735), raddr=('15.206.140.228', 5671)>
2026-04-06 12:18:40,680 | INFO | pika.adapters.utils.io_services_utils | Deactivating transport: state=1; <ssl.SSLSocket fd=1612, family=2, type=1, proto=0, laddr=('192.168.100.7', 54735), raddr=('15.206.140.228', 5671)>
2026-04-06 12:18:40,682 | INFO | pika.connection | AMQP stack terminated, failed to connect, or aborted: opened=True, error-arg=None; pending-error=AMQPHeartbeatTimeout: ('No activity or too many missed heartbeats in the last 120 seconds',)
2026-04-06 12:18:40,686 | INFO | pika.connection | Stack terminated due to AMQPHeartbeatTimeout: ('No activity or too many missed heartbeats in the last 120 seconds',)
2026-04-06 12:18:40,693 | INFO | pika.adapters.utils.io_services_utils | Closing transport socket and unlinking: state=3; <ssl.SSLSocket fd=1612, family=2, type=1, proto=0, laddr=('192.168.100.7', 54735), raddr=('15.206.140.228', 5671)>
2026-04-06 12:18:40,694 | ERROR | pika.adapters.blocking_connection | Unexpected connection close detected: AMQPHeartbeatTimeout: ('No activity or too many missed heartbeats in the last 120 seconds',)
2026-04-06 12:35:33,439 | INFO | pika.adapters.utils.connection_workflow | Pika version 1.3.2 connecting to ('15.206.140.228', 5671)
2026-04-06 12:35:33,509 | INFO | pika.adapters.utils.io_services_utils | Socket connected: <socket.socket fd=1320, family=2, type=1, proto=6, laddr=('192.168.100.7', 64129), raddr=('15.206.140.228', 5671)>
2026-04-06 12:35:33,579 | INFO | pika.adapters.utils.io_services_utils | SSL handshake completed successfully: <ssl.SSLSocket fd=1320, family=2, type=1, proto=0, laddr=('192.168.100.7', 64129), raddr=('15.206.140.228', 5671)>
2026-04-06 12:35:33,579 | INFO | pika.adapters.utils.connection_workflow | Streaming transport linked up: (<pika.adapters.utils.io_services_utils._AsyncSSLTransport object at 0x0000014BF91EADD0>, _StreamingProtocolShim: <SelectConnection PROTOCOL transport=<pika.adapters.utils.io_services_utils._AsyncSSLTransport object at 0x0000014BF91EADD0> params=<URLParameters host=puffin.rmq2.cloudamqp.com port=5671 virtual_host=gfhwdutw ssl=True>>).
2026-04-06 12:35:34,043 | INFO | pika.adapters.utils.connection_workflow | AMQPConnector - reporting success: <SelectConnection OPEN transport=<pika.adapters.utils.io_services_utils._AsyncSSLTransport object at 0x0000014BF91EADD0> params=<URLParameters host=puffin.rmq2.cloudamqp.com port=5671 virtual_host=gfhwdutw ssl=True>>
2026-04-06 12:35:34,043 | INFO | pika.adapters.utils.connection_workflow | AMQPConnectionWorkflow - reporting success: <SelectConnection OPEN transport=<pika.adapters.utils.io_services_utils._AsyncSSLTransport object at 0x0000014BF91EADD0> params=<URLParameters host=puffin.rmq2.cloudamqp.com port=5671 virtual_host=gfhwdutw ssl=True>>
2026-04-06 12:35:34,043 | INFO | pika.adapters.blocking_connection | Connection workflow succeeded: <SelectConnection OPEN transport=<pika.adapters.utils.io_services_utils._AsyncSSLTransport object at 0x0000014BF91EADD0> params=<URLParameters host=puffin.rmq2.cloudamqp.com port=5671 virtual_host=gfhwdutw ssl=True>>
2026-04-06 12:35:34,043 | INFO | pika.adapters.blocking_connection | Created channel=1
2026-04-06 12:35:37,219 | INFO | __main__ | Worker started and waiting for speech to text jobs...
2026-04-06 12:38:47,412 | INFO | __main__ | Task received | task_id=69d36307cef479a44a7c98e0
2026-04-06 12:38:48,894 | INFO | __main__ | Task fetched | task_id=69d36307cef479a44a7c98e0 | user_id=698ba20ef6c33be1cee19c8f
2026-04-06 12:39:36,914 | INFO | httpx | HTTP Request: POST https://api.assemblyai.com/v2/transcript "HTTP/1.1 200 OK"
2026-04-06 12:39:37,335 | INFO | httpx | HTTP Request: GET https://api.assemblyai.com/v2/transcript/2eb82cdb-b669-43c2-8db0-8e2a5d31f2a0 "HTTP/1.1 200 OK"
2026-04-06 12:39:40,671 | INFO | httpx | HTTP Request: GET https://api.assemblyai.com/v2/transcript/2eb82cdb-b669-43c2-8db0-8e2a5d31f2a0 "HTTP/1.1 200 OK"
2026-04-06 12:39:44,067 | INFO | httpx | HTTP Request: GET https://api.assemblyai.com/v2/transcript/2eb82cdb-b669-43c2-8db0-8e2a5d31f2a0 "HTTP/1.1 200 OK"
2026-04-06 12:39:44,294 | INFO | __main__ | Task 69d36307cef479a44a7c98e0 speech to text processing completed successfully
2026-04-06 12:39:44,687 | INFO | __main__ | Task created successfully with ID: 69d36340fb57f3e396980189
2026-04-06 12:39:44,781 | INFO | __main__ | Enqueued audio analysis task 69d36340fb57f3e396980189 for question result 69d36306cef479a44a7c98de
2026-04-06 12:39:44,781 | INFO | __main__ | New Task 69d36307cef479a44a7c98e0 audio analysis task created successfully
2026-04-06 12:39:45,012 | INFO | __main__ | Task created successfully with ID: 69d36340fb57f3e39698018a
2026-04-06 12:39:45,080 | INFO | __main__ | Enqueued video analysis task 69d36340fb57f3e39698018a for question result 69d36306cef479a44a7c98de
2026-04-06 12:39:45,080 | INFO | __main__ | New Task 69d36307cef479a44a7c98e0 video analysis task created successfully
2026-04-06 12:39:45,190 | INFO | __main__ | Task completed | task_id=69d36307cef479a44a7c98e0
2026-04-06 15:07:22,733 | INFO | pika.heartbeat | Connection is idle, 1 stale byte intervals
2026-04-06 15:07:23,092 | INFO | pika.adapters.utils.io_services_utils | Aborting transport connection: state=1; <ssl.SSLSocket fd=1320, family=2, type=1, proto=0, laddr=('192.168.100.7', 64129), raddr=('15.206.140.228', 5671)>
2026-04-06 15:07:23,092 | INFO | pika.adapters.utils.io_services_utils | _AsyncTransportBase._initate_abort(): Initiating abrupt asynchronous transport shutdown: state=1; error=None; <ssl.SSLSocket fd=1320, family=2, type=1, proto=0, laddr=('192.168.100.7', 64129), raddr=('15.206.140.228', 5671)>
2026-04-06 15:07:23,094 | INFO | pika.adapters.utils.io_services_utils | Deactivating transport: state=1; <ssl.SSLSocket fd=1320, family=2, type=1, proto=0, laddr=('192.168.100.7', 64129), raddr=('15.206.140.228', 5671)>
2026-04-06 15:07:23,094 | INFO | pika.connection | AMQP stack terminated, failed to connect, or aborted: opened=True, error-arg=None; pending-error=AMQPHeartbeatTimeout: ('No activity or too many missed heartbeats in the last 120 seconds',)
2026-04-06 15:07:23,095 | INFO | pika.connection | Stack terminated due to AMQPHeartbeatTimeout: ('No activity or too many missed heartbeats in the last 120 seconds',)
2026-04-06 15:07:23,101 | INFO | pika.adapters.utils.io_services_utils | Closing transport socket and unlinking: state=3; <ssl.SSLSocket fd=1320, family=2, type=1, proto=0, laddr=('192.168.100.7', 64129), raddr=('15.206.140.228', 5671)>
2026-04-06 15:07:23,108 | ERROR | pika.adapters.blocking_connection | Unexpected connection close detected: AMQPHeartbeatTimeout: ('No activity or too many missed heartbeats in the last 120 seconds',)
2026-04-06 19:37:17,046 | INFO | pika.adapters.utils.connection_workflow | Pika version 1.3.2 connecting to ('15.206.140.228', 5671)
2026-04-06 19:37:17,115 | INFO | pika.adapters.utils.io_services_utils | Socket connected: <socket.socket fd=1400, family=2, type=1, proto=6, laddr=('192.168.100.7', 61767), raddr=('15.206.140.228', 5671)>
2026-04-06 19:37:17,681 | INFO | pika.adapters.utils.io_services_utils | SSL handshake completed successfully: <ssl.SSLSocket fd=1400, family=2, type=1, proto=0, laddr=('192.168.100.7', 61767), raddr=('15.206.140.228', 5671)>
2026-04-06 19:37:17,681 | INFO | pika.adapters.utils.connection_workflow | Streaming transport linked up: (<pika.adapters.utils.io_services_utils._AsyncSSLTransport object at 0x0000020F3B6EAD90>, _StreamingProtocolShim: <SelectConnection PROTOCOL transport=<pika.adapters.utils.io_services_utils._AsyncSSLTransport object at 0x0000020F3B6EAD90> params=<URLParameters host=puffin.rmq2.cloudamqp.com port=5671 virtual_host=gfhwdutw ssl=True>>).
2026-04-06 19:37:18,125 | INFO | pika.adapters.utils.connection_workflow | AMQPConnector - reporting success: <SelectConnection OPEN transport=<pika.adapters.utils.io_services_utils._AsyncSSLTransport object at 0x0000020F3B6EAD90> params=<URLParameters host=puffin.rmq2.cloudamqp.com port=5671 virtual_host=gfhwdutw ssl=True>>
2026-04-06 19:37:18,126 | INFO | pika.adapters.utils.connection_workflow | AMQPConnectionWorkflow - reporting success: <SelectConnection OPEN transport=<pika.adapters.utils.io_services_utils._AsyncSSLTransport object at 0x0000020F3B6EAD90> params=<URLParameters host=puffin.rmq2.cloudamqp.com port=5671 virtual_host=gfhwdutw ssl=True>>
2026-04-06 19:37:18,126 | INFO | pika.adapters.blocking_connection | Connection workflow succeeded: <SelectConnection OPEN transport=<pika.adapters.utils.io_services_utils._AsyncSSLTransport object at 0x0000020F3B6EAD90> params=<URLParameters host=puffin.rmq2.cloudamqp.com port=5671 virtual_host=gfhwdutw ssl=True>>
2026-04-06 19:37:18,126 | INFO | pika.adapters.blocking_connection | Created channel=1
2026-04-06 19:37:21,542 | INFO | __main__ | Worker started and waiting for speech to text jobs...
2026-04-06 19:38:42,229 | INFO | __main__ | Task received | task_id=69d3c5722962da778a6a3c6d
2026-04-06 19:38:43,616 | INFO | __main__ | Task fetched | task_id=69d3c5722962da778a6a3c6d | user_id=698ba20ef6c33be1cee19c8f
2026-04-06 19:38:54,710 | INFO | httpx | HTTP Request: POST https://api.assemblyai.com/v2/transcript "HTTP/1.1 200 OK"
2026-04-06 19:38:55,096 | INFO | httpx | HTTP Request: GET https://api.assemblyai.com/v2/transcript/dd776ec6-a8b5-40f1-ada5-d299e44e6a80 "HTTP/1.1 200 OK"
2026-04-06 19:38:58,576 | INFO | httpx | HTTP Request: GET https://api.assemblyai.com/v2/transcript/dd776ec6-a8b5-40f1-ada5-d299e44e6a80 "HTTP/1.1 200 OK"
2026-04-06 19:38:58,878 | INFO | __main__ | Task 69d3c5722962da778a6a3c6d speech to text processing completed successfully
2026-04-06 19:38:59,207 | INFO | __main__ | Task created successfully with ID: 69d3c5830cf0e0d1d868ab3b
2026-04-06 19:38:59,326 | INFO | __main__ | Enqueued audio analysis task 69d3c5830cf0e0d1d868ab3b for question result 69d3c5712962da778a6a3c6b
2026-04-06 19:38:59,330 | INFO | __main__ | New Task 69d3c5722962da778a6a3c6d audio analysis task created successfully
2026-04-06 19:38:59,652 | INFO | __main__ | Task created successfully with ID: 69d3c5830cf0e0d1d868ab3c
2026-04-06 19:38:59,757 | INFO | __main__ | Enqueued video analysis task 69d3c5830cf0e0d1d868ab3c for question result 69d3c5712962da778a6a3c6b
2026-04-06 19:38:59,757 | INFO | __main__ | New Task 69d3c5722962da778a6a3c6d video analysis task created successfully
2026-04-06 19:38:59,924 | INFO | __main__ | Task completed | task_id=69d3c5722962da778a6a3c6d
2026-04-06 19:39:11,483 | INFO | __main__ | Task received | task_id=69d3c58f2962da778a6a3c78
2026-04-06 19:39:11,604 | INFO | __main__ | Task fetched | task_id=69d3c58f2962da778a6a3c78 | user_id=698ba20ef6c33be1cee19c8f
2026-04-06 19:39:20,025 | INFO | httpx | HTTP Request: POST https://api.assemblyai.com/v2/transcript "HTTP/1.1 200 OK"
2026-04-06 19:39:20,368 | INFO | httpx | HTTP Request: GET https://api.assemblyai.com/v2/transcript/aa397140-41dc-4297-a27f-394c0c769ad9 "HTTP/1.1 200 OK"
2026-04-06 19:39:23,741 | INFO | httpx | HTTP Request: GET https://api.assemblyai.com/v2/transcript/aa397140-41dc-4297-a27f-394c0c769ad9 "HTTP/1.1 200 OK"
2026-04-06 19:39:23,889 | INFO | __main__ | Task 69d3c58f2962da778a6a3c78 speech to text processing completed successfully
2026-04-06 19:39:24,279 | INFO | __main__ | Task created successfully with ID: 69d3c59c0cf0e0d1d868ab3d
2026-04-06 19:39:24,360 | INFO | __main__ | Enqueued audio analysis task 69d3c59c0cf0e0d1d868ab3d for question result 69d3c58f2962da778a6a3c76
2026-04-06 19:39:24,360 | INFO | __main__ | New Task 69d3c58f2962da778a6a3c78 audio analysis task created successfully
2026-04-06 19:39:24,687 | INFO | __main__ | Task created successfully with ID: 69d3c59c0cf0e0d1d868ab3e
2026-04-06 19:39:24,769 | INFO | __main__ | Enqueued video analysis task 69d3c59c0cf0e0d1d868ab3e for question result 69d3c58f2962da778a6a3c76
2026-04-06 19:39:24,769 | INFO | __main__ | New Task 69d3c58f2962da778a6a3c78 video analysis task created successfully
2026-04-06 19:39:24,906 | INFO | __main__ | Task completed | task_id=69d3c58f2962da778a6a3c78
2026-04-06 19:42:30,370 | INFO | __main__ | Task received | task_id=69d3c6562962da778a6a3ca6
2026-04-06 19:42:30,491 | INFO | __main__ | Task fetched | task_id=69d3c6562962da778a6a3ca6 | user_id=698ba20ef6c33be1cee19c8f
2026-04-06 19:42:41,389 | INFO | httpx | HTTP Request: POST https://api.assemblyai.com/v2/transcript "HTTP/1.1 200 OK"
2026-04-06 19:42:41,803 | INFO | httpx | HTTP Request: GET https://api.assemblyai.com/v2/transcript/d6d7a253-d2db-4a66-9735-93d4f4346d91 "HTTP/1.1 200 OK"
2026-04-06 19:42:45,247 | INFO | httpx | HTTP Request: GET https://api.assemblyai.com/v2/transcript/d6d7a253-d2db-4a66-9735-93d4f4346d91 "HTTP/1.1 200 OK"
2026-04-06 19:42:48,686 | INFO | httpx | HTTP Request: GET https://api.assemblyai.com/v2/transcript/d6d7a253-d2db-4a66-9735-93d4f4346d91 "HTTP/1.1 200 OK"
2026-04-06 19:42:48,871 | INFO | __main__ | Task 69d3c6562962da778a6a3ca6 speech to text processing completed successfully
2026-04-06 19:42:49,167 | INFO | __main__ | Task created successfully with ID: 69d3c6680cf0e0d1d868ab3f
2026-04-06 19:42:49,285 | INFO | __main__ | Enqueued audio analysis task 69d3c6680cf0e0d1d868ab3f for question result 69d3c6552962da778a6a3ca4
2026-04-06 19:42:49,285 | INFO | __main__ | New Task 69d3c6562962da778a6a3ca6 audio analysis task created successfully
2026-04-06 19:42:49,535 | INFO | __main__ | Task created successfully with ID: 69d3c6690cf0e0d1d868ab40
2026-04-06 19:42:49,638 | INFO | __main__ | Enqueued video analysis task 69d3c6690cf0e0d1d868ab40 for question result 69d3c6552962da778a6a3ca4
2026-04-06 19:42:49,638 | INFO | __main__ | New Task 69d3c6562962da778a6a3ca6 video analysis task created successfully
2026-04-06 19:42:49,755 | INFO | __main__ | Task completed | task_id=69d3c6562962da778a6a3ca6
2026-04-06 19:42:56,977 | INFO | __main__ | Task received | task_id=69d3c6702962da778a6a3cb3
2026-04-06 19:42:57,107 | INFO | __main__ | Task fetched | task_id=69d3c6702962da778a6a3cb3 | user_id=698ba20ef6c33be1cee19c8f
2026-04-06 19:43:03,873 | INFO | httpx | HTTP Request: POST https://api.assemblyai.com/v2/transcript "HTTP/1.1 200 OK"
2026-04-06 19:43:05,657 | INFO | httpx | HTTP Request: GET https://api.assemblyai.com/v2/transcript/ae8e0bfa-d21a-44a3-8b5e-d1b6feaf0381 "HTTP/1.1 200 OK"
2026-04-06 19:43:09,350 | INFO | httpx | HTTP Request: GET https://api.assemblyai.com/v2/transcript/ae8e0bfa-d21a-44a3-8b5e-d1b6feaf0381 "HTTP/1.1 200 OK"
2026-04-06 19:43:09,771 | INFO | __main__ | Task 69d3c6702962da778a6a3cb3 speech to text processing completed successfully
2026-04-06 19:43:10,379 | INFO | __main__ | Task created successfully with ID: 69d3c67e0cf0e0d1d868ab41
2026-04-06 19:43:10,446 | INFO | __main__ | Enqueued audio analysis task 69d3c67e0cf0e0d1d868ab41 for question result 69d3c6702962da778a6a3cb1
2026-04-06 19:43:10,446 | INFO | __main__ | New Task 69d3c6702962da778a6a3cb3 audio analysis task created successfully
2026-04-06 19:43:10,782 | INFO | __main__ | Task created successfully with ID: 69d3c67e0cf0e0d1d868ab42
2026-04-06 19:43:10,855 | INFO | __main__ | Enqueued video analysis task 69d3c67e0cf0e0d1d868ab42 for question result 69d3c6702962da778a6a3cb1
2026-04-06 19:43:10,855 | INFO | __main__ | New Task 69d3c6702962da778a6a3cb3 video analysis task created successfully
2026-04-06 19:43:10,988 | INFO | __main__ | Task completed | task_id=69d3c6702962da778a6a3cb3
2026-04-06 19:43:11,062 | INFO | __main__ | Task received | task_id=69d3c6732962da778a6a3cbc
2026-04-06 19:43:11,207 | INFO | __main__ | Task fetched | task_id=69d3c6732962da778a6a3cbc | user_id=698ba20ef6c33be1cee19c8f
2026-04-06 19:43:34,247 | INFO | httpx | HTTP Request: POST https://api.assemblyai.com/v2/transcript "HTTP/1.1 200 OK"
2026-04-06 19:43:34,810 | INFO | httpx | HTTP Request: GET https://api.assemblyai.com/v2/transcript/a550a3b1-0e6e-485a-af34-c87f9a0c2992 "HTTP/1.1 200 OK"
2026-04-06 19:43:38,216 | INFO | httpx | HTTP Request: GET https://api.assemblyai.com/v2/transcript/a550a3b1-0e6e-485a-af34-c87f9a0c2992 "HTTP/1.1 200 OK"
2026-04-06 19:43:41,565 | INFO | httpx | HTTP Request: GET https://api.assemblyai.com/v2/transcript/a550a3b1-0e6e-485a-af34-c87f9a0c2992 "HTTP/1.1 200 OK"
2026-04-06 19:43:45,317 | INFO | httpx | HTTP Request: GET https://api.assemblyai.com/v2/transcript/a550a3b1-0e6e-485a-af34-c87f9a0c2992 "HTTP/1.1 200 OK"
2026-04-06 19:43:45,500 | INFO | __main__ | Task 69d3c6732962da778a6a3cbc speech to text processing completed successfully
2026-04-06 19:43:45,900 | INFO | __main__ | Task created successfully with ID: 69d3c6a10cf0e0d1d868ab43
2026-04-06 19:43:45,993 | INFO | __main__ | Enqueued audio analysis task 69d3c6a10cf0e0d1d868ab43 for question result 69d3c6732962da778a6a3cba
2026-04-06 19:43:45,994 | INFO | __main__ | New Task 69d3c6732962da778a6a3cbc audio analysis task created successfully
2026-04-06 19:43:46,251 | INFO | __main__ | Task created successfully with ID: 69d3c6a20cf0e0d1d868ab44
2026-04-06 19:43:46,323 | INFO | __main__ | Enqueued video analysis task 69d3c6a20cf0e0d1d868ab44 for question result 69d3c6732962da778a6a3cba
2026-04-06 19:43:46,323 | INFO | __main__ | New Task 69d3c6732962da778a6a3cbc video analysis task created successfully
2026-04-06 19:43:46,454 | INFO | __main__ | Task completed | task_id=69d3c6732962da778a6a3cbc
2026-04-06 19:58:30,961 | INFO | __main__ | Worker stopped manually
2026-04-06 20:00:21,090 | INFO | pika.adapters.utils.connection_workflow | Pika version 1.3.2 connecting to ('15.206.140.228', 5671)
2026-04-06 20:00:21,161 | INFO | pika.adapters.utils.io_services_utils | Socket connected: <socket.socket fd=1464, family=2, type=1, proto=6, laddr=('192.168.100.7', 53437), raddr=('15.206.140.228', 5671)>
2026-04-06 20:00:21,240 | INFO | pika.adapters.utils.io_services_utils | SSL handshake completed successfully: <ssl.SSLSocket fd=1464, family=2, type=1, proto=0, laddr=('192.168.100.7', 53437), raddr=('15.206.140.228', 5671)>
2026-04-06 20:00:21,246 | INFO | pika.adapters.utils.connection_workflow | Streaming transport linked up: (<pika.adapters.utils.io_services_utils._AsyncSSLTransport object at 0x0000022B7FA44650>, _StreamingProtocolShim: <SelectConnection PROTOCOL transport=<pika.adapters.utils.io_services_utils._AsyncSSLTransport object at 0x0000022B7FA44650> params=<URLParameters host=puffin.rmq2.cloudamqp.com port=5671 virtual_host=gfhwdutw ssl=True>>).
2026-04-06 20:00:21,471 | INFO | pika.adapters.utils.connection_workflow | AMQPConnector - reporting success: <SelectConnection OPEN transport=<pika.adapters.utils.io_services_utils._AsyncSSLTransport object at 0x0000022B7FA44650> params=<URLParameters host=puffin.rmq2.cloudamqp.com port=5671 virtual_host=gfhwdutw ssl=True>>
2026-04-06 20:00:21,471 | INFO | pika.adapters.utils.connection_workflow | AMQPConnectionWorkflow - reporting success: <SelectConnection OPEN transport=<pika.adapters.utils.io_services_utils._AsyncSSLTransport object at 0x0000022B7FA44650> params=<URLParameters host=puffin.rmq2.cloudamqp.com port=5671 virtual_host=gfhwdutw ssl=True>>
2026-04-06 20:00:21,471 | INFO | pika.adapters.blocking_connection | Connection workflow succeeded: <SelectConnection OPEN transport=<pika.adapters.utils.io_services_utils._AsyncSSLTransport object at 0x0000022B7FA44650> params=<URLParameters host=puffin.rmq2.cloudamqp.com port=5671 virtual_host=gfhwdutw ssl=True>>
2026-04-06 20:00:21,471 | INFO | pika.adapters.blocking_connection | Created channel=1
2026-04-06 20:00:25,120 | INFO | __main__ | Worker started and waiting for speech to text jobs...
2026-04-06 20:00:25,120 | INFO | __main__ | Task received | task_id=69d3ca482962da778a6a3cea
2026-04-06 20:00:26,543 | INFO | __main__ | Task fetched | task_id=69d3ca482962da778a6a3cea | user_id=698ba20ef6c33be1cee19c8f
2026-04-06 20:00:38,189 | INFO | httpx | HTTP Request: POST https://api.assemblyai.com/v2/transcript "HTTP/1.1 200 OK"
2026-04-06 20:00:38,513 | INFO | httpx | HTTP Request: GET https://api.assemblyai.com/v2/transcript/e86215f1-4acc-47e0-a372-7e0211db8597 "HTTP/1.1 200 OK"
2026-04-06 20:00:41,907 | INFO | httpx | HTTP Request: GET https://api.assemblyai.com/v2/transcript/e86215f1-4acc-47e0-a372-7e0211db8597 "HTTP/1.1 200 OK"
2026-04-06 20:00:45,461 | INFO | httpx | HTTP Request: GET https://api.assemblyai.com/v2/transcript/e86215f1-4acc-47e0-a372-7e0211db8597 "HTTP/1.1 200 OK"
2026-04-06 20:00:48,811 | INFO | httpx | HTTP Request: GET https://api.assemblyai.com/v2/transcript/e86215f1-4acc-47e0-a372-7e0211db8597 "HTTP/1.1 200 OK"
2026-04-06 20:00:52,190 | INFO | httpx | HTTP Request: GET https://api.assemblyai.com/v2/transcript/e86215f1-4acc-47e0-a372-7e0211db8597 "HTTP/1.1 200 OK"
2026-04-06 20:00:52,347 | INFO | __main__ | Task 69d3ca482962da778a6a3cea speech to text processing completed successfully
2026-04-06 20:00:52,678 | INFO | __main__ | Task created successfully with ID: 69d3caa4475124c1bd36823c
2026-04-06 20:00:52,761 | INFO | __main__ | Enqueued audio analysis task 69d3caa4475124c1bd36823c for question result 69d3ca482962da778a6a3ce8
2026-04-06 20:00:52,763 | INFO | __main__ | New Task 69d3ca482962da778a6a3cea audio analysis task created successfully
2026-04-06 20:00:53,190 | INFO | __main__ | Task created successfully with ID: 69d3caa4475124c1bd36823d
2026-04-06 20:00:53,268 | INFO | __main__ | Enqueued video analysis task 69d3caa4475124c1bd36823d for question result 69d3ca482962da778a6a3ce8
2026-04-06 20:00:53,268 | INFO | __main__ | New Task 69d3ca482962da778a6a3cea video analysis task created successfully
2026-04-06 20:00:53,399 | INFO | __main__ | Task completed | task_id=69d3ca482962da778a6a3cea
2026-04-06 20:00:53,471 | INFO | __main__ | Task received | task_id=69d3ca522962da778a6a3cf5
2026-04-06 20:00:53,605 | INFO | __main__ | Task fetched | task_id=69d3ca522962da778a6a3cf5 | user_id=698ba20ef6c33be1cee19c8f
2026-04-06 20:01:00,248 | INFO | httpx | HTTP Request: POST https://api.assemblyai.com/v2/transcript "HTTP/1.1 200 OK"
2026-04-06 20:01:00,585 | INFO | httpx | HTTP Request: GET https://api.assemblyai.com/v2/transcript/0ac557dc-17c2-4160-a8dc-7f04a3f024bb "HTTP/1.1 200 OK"
2026-04-06 20:01:04,023 | INFO | httpx | HTTP Request: GET https://api.assemblyai.com/v2/transcript/0ac557dc-17c2-4160-a8dc-7f04a3f024bb "HTTP/1.1 200 OK"
2026-04-06 20:01:07,502 | INFO | httpx | HTTP Request: GET https://api.assemblyai.com/v2/transcript/0ac557dc-17c2-4160-a8dc-7f04a3f024bb "HTTP/1.1 200 OK"
2026-04-06 20:01:07,626 | INFO | __main__ | Task 69d3ca522962da778a6a3cf5 speech to text processing completed successfully
2026-04-06 20:01:08,011 | INFO | __main__ | Task created successfully with ID: 69d3cab3475124c1bd36823e
2026-04-06 20:01:08,083 | INFO | __main__ | Enqueued audio analysis task 69d3cab3475124c1bd36823e for question result 69d3ca512962da778a6a3cf3
2026-04-06 20:01:08,083 | INFO | __main__ | New Task 69d3ca522962da778a6a3cf5 audio analysis task created successfully
2026-04-06 20:01:08,418 | INFO | __main__ | Task created successfully with ID: 69d3cab4475124c1bd36823f
2026-04-06 20:01:08,492 | INFO | __main__ | Enqueued video analysis task 69d3cab4475124c1bd36823f for question result 69d3ca512962da778a6a3cf3
2026-04-06 20:01:08,492 | INFO | __main__ | New Task 69d3ca522962da778a6a3cf5 video analysis task created successfully
2026-04-06 20:01:08,615 | INFO | __main__ | Task completed | task_id=69d3ca522962da778a6a3cf5
2026-04-06 20:06:26,489 | INFO | __main__ | Worker stopped manually
2026-04-06 20:06:26,557 | INFO | pika.adapters.blocking_connection | Closing connection (200): Normal shutdown
2026-04-06 20:06:26,557 | INFO | pika.channel | Closing channel (200): 'Normal shutdown' on <Channel number=1 OPEN conn=<SelectConnection OPEN transport=<pika.adapters.utils.io_services_utils._AsyncSSLTransport object at 0x0000022B7FA44650> params=<URLParameters host=puffin.rmq2.cloudamqp.com port=5671 virtual_host=gfhwdutw ssl=True>>>
2026-04-06 20:29:20,865 | INFO | pika.adapters.utils.connection_workflow | Pika version 1.3.2 connecting to ('15.206.140.228', 5671)
2026-04-06 20:29:20,935 | INFO | pika.adapters.utils.io_services_utils | Socket connected: <socket.socket fd=1040, family=2, type=1, proto=6, laddr=('192.168.100.7', 56842), raddr=('15.206.140.228', 5671)>
2026-04-06 20:29:21,046 | INFO | pika.adapters.utils.io_services_utils | SSL handshake completed successfully: <ssl.SSLSocket fd=1040, family=2, type=1, proto=0, laddr=('192.168.100.7', 56842), raddr=('15.206.140.228', 5671)>
2026-04-06 20:29:21,046 | INFO | pika.adapters.utils.connection_workflow | Streaming transport linked up: (<pika.adapters.utils.io_services_utils._AsyncSSLTransport object at 0x000001F6DEAD3510>, _StreamingProtocolShim: <SelectConnection PROTOCOL transport=<pika.adapters.utils.io_services_utils._AsyncSSLTransport object at 0x000001F6DEAD3510> params=<URLParameters host=puffin.rmq2.cloudamqp.com port=5671 virtual_host=gfhwdutw ssl=True>>).
2026-04-06 20:29:21,563 | INFO | pika.adapters.utils.connection_workflow | AMQPConnector - reporting success: <SelectConnection OPEN transport=<pika.adapters.utils.io_services_utils._AsyncSSLTransport object at 0x000001F6DEAD3510> params=<URLParameters host=puffin.rmq2.cloudamqp.com port=5671 virtual_host=gfhwdutw ssl=True>>
2026-04-06 20:29:21,563 | INFO | pika.adapters.utils.connection_workflow | AMQPConnectionWorkflow - reporting success: <SelectConnection OPEN transport=<pika.adapters.utils.io_services_utils._AsyncSSLTransport object at 0x000001F6DEAD3510> params=<URLParameters host=puffin.rmq2.cloudamqp.com port=5671 virtual_host=gfhwdutw ssl=True>>
2026-04-06 20:29:21,563 | INFO | pika.adapters.blocking_connection | Connection workflow succeeded: <SelectConnection OPEN transport=<pika.adapters.utils.io_services_utils._AsyncSSLTransport object at 0x000001F6DEAD3510> params=<URLParameters host=puffin.rmq2.cloudamqp.com port=5671 virtual_host=gfhwdutw ssl=True>>
2026-04-06 20:29:21,563 | INFO | pika.adapters.blocking_connection | Created channel=1
2026-04-06 20:29:25,434 | INFO | __main__ | Worker started and waiting for speech to text jobs...
2026-04-06 20:29:25,434 | INFO | __main__ | Task received | task_id=69d3cc192962da778a6a3d1d
2026-04-06 20:29:26,495 | INFO | __main__ | Task fetched | task_id=69d3cc192962da778a6a3d1d | user_id=698ba20ef6c33be1cee19c8f
2026-04-06 20:29:34,525 | INFO | httpx | HTTP Request: POST https://api.assemblyai.com/v2/transcript "HTTP/1.1 200 OK"
2026-04-06 20:29:34,948 | INFO | httpx | HTTP Request: GET https://api.assemblyai.com/v2/transcript/a928eff1-eae6-44ae-aeb0-ee8b97342d15 "HTTP/1.1 200 OK"
2026-04-06 20:29:38,318 | INFO | httpx | HTTP Request: GET https://api.assemblyai.com/v2/transcript/a928eff1-eae6-44ae-aeb0-ee8b97342d15 "HTTP/1.1 200 OK"
2026-04-06 20:29:38,483 | INFO | __main__ | Task 69d3cc192962da778a6a3d1d speech to text processing completed successfully
2026-04-06 20:29:38,887 | INFO | __main__ | Task created successfully with ID: 69d3d1622852c961aabca27b
2026-04-06 20:29:38,962 | INFO | __main__ | Enqueued audio analysis task 69d3d1622852c961aabca27b for question result 69d3cc192962da778a6a3d1b
2026-04-06 20:29:38,962 | INFO | __main__ | New Task 69d3cc192962da778a6a3d1d audio analysis task created successfully
2026-04-06 20:29:39,210 | INFO | __main__ | Task created successfully with ID: 69d3d1632852c961aabca27c
2026-04-06 20:29:39,293 | INFO | __main__ | Enqueued video analysis task 69d3d1632852c961aabca27c for question result 69d3cc192962da778a6a3d1b
2026-04-06 20:29:39,294 | INFO | __main__ | New Task 69d3cc192962da778a6a3d1d video analysis task created successfully
2026-04-06 20:29:39,415 | INFO | __main__ | Task completed | task_id=69d3cc192962da778a6a3d1d
2026-04-06 20:55:59,824 | INFO | pika.adapters.utils.connection_workflow | Pika version 1.3.2 connecting to ('15.206.140.228', 5671)
2026-04-06 20:55:59,889 | INFO | pika.adapters.utils.io_services_utils | Socket connected: <socket.socket fd=1116, family=2, type=1, proto=6, laddr=('192.168.100.7', 62153), raddr=('15.206.140.228', 5671)>
2026-04-06 20:55:59,963 | INFO | pika.adapters.utils.io_services_utils | SSL handshake completed successfully: <ssl.SSLSocket fd=1116, family=2, type=1, proto=0, laddr=('192.168.100.7', 62153), raddr=('15.206.140.228', 5671)>
2026-04-06 20:55:59,964 | INFO | pika.adapters.utils.connection_workflow | Streaming transport linked up: (<pika.adapters.utils.io_services_utils._AsyncSSLTransport object at 0x000002046A296C90>, _StreamingProtocolShim: <SelectConnection PROTOCOL transport=<pika.adapters.utils.io_services_utils._AsyncSSLTransport object at 0x000002046A296C90> params=<URLParameters host=puffin.rmq2.cloudamqp.com port=5671 virtual_host=gfhwdutw ssl=True>>).
2026-04-06 20:56:00,163 | INFO | pika.adapters.utils.connection_workflow | AMQPConnector - reporting success: <SelectConnection OPEN transport=<pika.adapters.utils.io_services_utils._AsyncSSLTransport object at 0x000002046A296C90> params=<URLParameters host=puffin.rmq2.cloudamqp.com port=5671 virtual_host=gfhwdutw ssl=True>>
2026-04-06 20:56:00,163 | INFO | pika.adapters.utils.connection_workflow | AMQPConnectionWorkflow - reporting success: <SelectConnection OPEN transport=<pika.adapters.utils.io_services_utils._AsyncSSLTransport object at 0x000002046A296C90> params=<URLParameters host=puffin.rmq2.cloudamqp.com port=5671 virtual_host=gfhwdutw ssl=True>>
2026-04-06 20:56:00,163 | INFO | pika.adapters.blocking_connection | Connection workflow succeeded: <SelectConnection OPEN transport=<pika.adapters.utils.io_services_utils._AsyncSSLTransport object at 0x000002046A296C90> params=<URLParameters host=puffin.rmq2.cloudamqp.com port=5671 virtual_host=gfhwdutw ssl=True>>
2026-04-06 20:56:00,163 | INFO | pika.adapters.blocking_connection | Created channel=1
2026-04-06 20:56:03,303 | INFO | __main__ | Worker started and waiting for speech to text jobs...
2026-04-06 20:56:03,303 | INFO | __main__ | Task received | task_id=69d3d77cef23e66fb2b3baf0
2026-04-06 20:56:04,351 | INFO | __main__ | Task fetched | task_id=69d3d77cef23e66fb2b3baf0 | user_id=698ba20ef6c33be1cee19c8f
2026-04-06 20:56:18,211 | INFO | httpx | HTTP Request: POST https://api.assemblyai.com/v2/transcript "HTTP/1.1 200 OK"
2026-04-06 20:56:18,558 | INFO | httpx | HTTP Request: GET https://api.assemblyai.com/v2/transcript/56d4b055-3a82-4df6-b07e-94f5f8ea4ee1 "HTTP/1.1 200 OK"
2026-04-06 20:56:21,911 | INFO | httpx | HTTP Request: GET https://api.assemblyai.com/v2/transcript/56d4b055-3a82-4df6-b07e-94f5f8ea4ee1 "HTTP/1.1 200 OK"
2026-04-06 20:56:25,295 | INFO | httpx | HTTP Request: GET https://api.assemblyai.com/v2/transcript/56d4b055-3a82-4df6-b07e-94f5f8ea4ee1 "HTTP/1.1 200 OK"
2026-04-06 20:56:25,431 | INFO | __main__ | Task 69d3d77cef23e66fb2b3baf0 speech to text processing completed successfully
2026-04-06 20:56:25,673 | INFO | __main__ | Task created successfully with ID: 69d3d7a9f2bce594cebbdf84
2026-04-06 20:56:25,742 | INFO | __main__ | Enqueued audio analysis task 69d3d7a9f2bce594cebbdf84 for question result 69d3d77cef23e66fb2b3baee
2026-04-06 20:56:25,742 | INFO | __main__ | New Task 69d3d77cef23e66fb2b3baf0 audio analysis task created successfully
2026-04-06 20:56:25,982 | INFO | __main__ | Task created successfully with ID: 69d3d7a9f2bce594cebbdf85
2026-04-06 20:56:26,057 | INFO | __main__ | Enqueued video analysis task 69d3d7a9f2bce594cebbdf85 for question result 69d3d77cef23e66fb2b3baee
2026-04-06 20:56:26,067 | INFO | __main__ | New Task 69d3d77cef23e66fb2b3baf0 video analysis task created successfully
2026-04-06 20:56:26,180 | INFO | __main__ | Task completed | task_id=69d3d77cef23e66fb2b3baf0
